Word,Freq,Rank
the,645,1
and,544,2
to,383,3
of,337,4
i,314,5
a,238,6
that,220,7
my,201,8
in,195,9
is,175,10
you,166,11
with,152,12
not,145,13
his,143,14
macb.,137,15
it,134,16
be,132,17
your,126,18
our,123,19
but,120,20
haue,119,21
he,107,22
for,107,23
what,100,24
this,95,25
as,85,26
thou,85,27
we,82,28
which,78,29
so,78,30
enter,74,31
me,74,32
all,73,33
will,69,34
they,68,35
shall,67,36
are,65,37
no,63,38
their,62,39
vpon,58,40
macd.,58,41
then,57,42
from,56,43
him,56,44
thy,56,45
hath,52,46
yet,52,47
on,51,48
at,49,49
by,47,50
would,45,51
was,44,52
thee,43,53
good,42,54
if,42,55
vs,42,56
lady.,41,57
who,40,58
should,40,59
rosse.,40,60
now,40,61
when,39,62
were,38,63
did,38,64
make,38,65
do,38,66
or,37,67
like,37,68
more,37,69
must,36,70
her,36,71
come,36,72
ile,35,73
'tis,35,74
let,35,75
where,34,76
had,32,77
how,32,78
why,31,79
doe,30,80
great,30,81
there,29,82
exeunt.,29,83
am,29,84
may,29,85
an,28,86
macbeth,26,87
th',26,88
know,26,89
them,26,90
mal.,25,91
see,25,92
one,25,93
can,24,94
nor,24,95
giue,24,96
"macbeth,",24,97
banq.,24,98
such,24,99
those,24,100
scena,22,101
say,22,102
these,22,103
most,22,104
1.,21,105
things,21,106
"me,",21,107
looke,21,108
la.,21,109
time,21,110
till,20,111
cannot,20,112
lenox.,20,113
speake,20,114
vp,20,115
mine,20,116
doct.,20,117
too,19,118
thane,19,119
done,19,120
"time,",19,121
wife.,19,122
king.,18,123
"king,",18,124
"him,",18,125
"sir,",18,126
heare,18,127
"lord,",17,128
&,17,129
night,17,130
though,17,131
take,17,132
she,17,133
some,17,134
all.,16,135
man,16,136
out,16,137
feare,16,138
euery,16,139
put,16,140
"well,",16,141
do's,16,142
ere,15,143
"come,",15,144
king,15,145
worthy,15,146
selfe,15,147
i'th',15,148
both,15,149
owne,15,150
heere,15,151
poore,15,152
ha's,15,153
malc.,15,154
3.,14,155
against,14,156
shew,14,157
"you,",14,158
before,14,159
whose,14,160
there's,14,161
could,14,162
"i,",14,163
son.,14,164
three,13,165
bloody,13,166
haile,13,167
o,13,168
well,13,169
strange,13,170
o'th',13,171
without,13,172
each,13,173
"say,",13,174
banquo,13,175
"banquo,",13,176
pray,13,177
heart,13,178
"it,",13,179
blood,13,180
sey.,13,181
2.,12,182
nature,12,183
new,12,184
goe,12,185
god,12,186
noble,12,187
into,12,188
nothing,12,189
made,12,190
exit,12,191
keepe,12,192
neuer,12,193
what's,12,194
leaue,11,195
comes,11,196
very,11,197
sleepe,11,198
day,11,199
"not,",11,200
much,11,201
way,11,202
finde,11,203
art,11,204
"them,",11,205
still,11,206
dare,11,207
1,11,208
gent.,11,209
mac.,10,210
name,10,211
thinke,10,212
whom,10,213
euen,10,214
else,10,215
heauen,10,216
againe,10,217
stand,10,218
go,10,219
lord,10,220
two,9,221
get,9,222
here,9,223
thus,9,224
royall,9,225
tell,9,226
within,9,227
onely,9,228
life,9,229
beene,9,230
me.,9,231
loue,9,232
full,9,233
you:,9,234
thought,9,235
being,9,236
macbeth.,9,237
that's,9,238
borne,9,239
bring,9,240
about,9,241
"feare,",9,242
knock.,9,243
many,9,244
first,9,245
wood,9,246
"lenox,",8,247
"thee,",8,248
cawdor,8,249
hang,8,250
is't,8,251
once,8,252
you.,8,253
beare,8,254
call,8,255
lesse,8,256
other,8,257
"malcolme,",8,258
highnesse,8,259
it.,8,260
almost,8,261
"blood,",8,262
"night,",8,263
men,8,264
dayes,8,265
euer,8,266
"selfe,",8,267
none,8,268
"sleepe,",8,269
heard,8,270
thoughts,8,271
death,8,272
father,8,273
best,8,274
old,8,275
any,8,276
2,8,277
"done,",7,278
set,7,279
within.,7,280
hee,7,281
"men,",7,282
"death,",7,283
"doe,",7,284
hand,7,285
seeme,7,286
liues,7,287
who's,7,288
thine,7,289
vnder,7,290
might,7,291
throw,7,292
selfe.,7,293
knowne,7,294
hold,7,295
"wife,",7,296
eye,7,297
enter.,7,298
let's,7,299
bid,7,300
rather,7,301
shake,7,302
goes,7,303
does,7,304
"double,",7,305
him.,7,306
deed,7,307
"out,",7,308
sir,7,309
"dead,",7,310
ban.,7,311
sit,7,312
seruant.,7,313
gracious,7,314
better,7,315
wee'l,7,316
mur.,7,317
meet,6,318
through,6,319
whence,6,320
honor,6,321
fell,6,322
thunder.,6,323
hast,6,324
liue,6,325
doth,6,326
"hand,",6,327
banquo.,6,328
seene,6,329
shalt,6,330
more:,6,331
earth,6,332
them:,6,333
breath,6,334
rest,6,335
downe,6,336
giuen,6,337
"man,",6,338
forth,6,339
"rosse,",6,340
welcome,6,341
light,6,342
after,6,343
mortall,6,344
"nature,",6,345
would'st,6,346
"so,",6,347
please,6,348
himselfe,6,349
duncan,6,350
"morrow,",6,351
ayre,6,352
gentle,6,353
"bed,",6,354
while,6,355
"away,",6,356
false,6,357
drinke,6,358
thee:,6,359
done:,6,360
hands,6,361
little,6,362
"knock,",6,363
english,6,364
macduffe.,6,365
"this,",6,366
power,6,367
tyrants,6,368
tyrant,6,369
"seyward,",6,370
3,6,371
knowes,6,372
"macduffe,",6,373
woman,6,374
scotland,6,375
actus,5,376
prima.,5,377
secunda.,5,378
alarum,5,379
"fortune,",5,380
toth',5,381
report,5,382
another,5,383
words,5,384
seemes,5,385
"cawdor,",5,386
ten,5,387
present,5,388
tertia.,5,389
wife,5,390
master,5,391
"other,",5,392
"know,",5,393
"peace,",5,394
you?,5,395
truth,5,396
stay,5,397
stands,5,398
takes,5,399
"day,",5,400
"life,",5,401
thankes,5,402
hope,5,403
feares,5,404
murther,5,405
toward,5,406
flourish.,5,407
attendants.,5,408
thing,5,409
left,5,410
receiue,5,411
so:,5,412
hence,5,413
fall,5,414
desire,5,415
came,5,416
attend,5,417
high,5,418
powre,5,419
tongue,5,420
fill,5,421
natures,5,422
"loue,",5,423
"face,",5,424
innocent,5,425
nights,5,426
"macduff,",5,427
"vs,",5,428
returne,5,429
hee's,5,430
strong,5,431
"then,",5,432
now?,5,433
man.,5,434
place,5,435
downe:,5,436
there?,5,437
last,5,438
houre,5,439
strike,5,440
eyes,5,441
world,5,442
"hearke,",5,443
hand.,5,444
lye,5,445
"one,",5,446
knocking,5,447
makes,5,448
me:,5,449
speake:,5,450
off,5,451
grace,5,452
fight,5,453
neere,5,454
friends,5,455
lords.,5,456
banquo's,5,457
fleans,5,458
minde,5,459
since,5,460
fled,5,461
lord.,5,462
send,5,463
len.,5,464
answer,5,465
cauldron,5,466
sword,5,467
"fight,",5,468
"her,",5,469
ment.,5,470
witches.,4,471
faire,4,472
state,4,473
'gainst,4,474
all's,4,475
"hands,",4,476
bad,4,477
comfort,4,478
"scotland,",4,479
double,4,480
cry,4,481
helpe,4,482
become,4,483
terrible,4,484
thousand,4,485
vse,4,486
pronounce,4,487
former,4,488
title,4,489
thither,4,490
drum,4,491
thrice,4,492
call'd,4,493
sound,4,494
"grace,",4,495
not.,4,496
"kings,",4,497
reason,4,498
too:,4,499
went,4,500
so?,4,501
"sight,",4,502
ang.,4,503
wee,4,504
"thane,",4,505
"what,",4,506
heauie,4,507
whether,4,508
honest,4,509
thanke,4,510
yeeld,4,511
"thought,",4,512
"houre,",4,513
wrought,4,514
free,4,515
enough:,4,516
quarta.,4,517
saw,4,518
away,4,519
dearest,4,520
"before,",4,521
safe,4,522
hide,4,523
"downe,",4,524
true,4,525
gone,4,526
macbeths,4,527
"further,",4,528
whiles,4,529
lay,4,530
play,4,531
golden,4,532
fate,4,533
messenger.,4,534
dead,4,535
fatall,4,536
feele,4,537
morrow,4,538
"eye,",4,539
businesse,4,540
feare:,4,541
"see,",4,542
"trouble,",4,543
vs:,4,544
"euer,",4,545
towards,4,546
"all,",4,547
"heere,",4,548
prythee,4,549
"more,",4,550
was't,4,551
man:,4,552
lyes,4,553
performe,4,554
face,4,555
sword:,4,556
spend,4,557
"minde,",4,558
daggers,4,559
second,4,560
laugh,4,561
need,4,562
murther'd,4,563
least,4,564
here's,4,565
oh,4,566
remember,4,567
said,4,568
command,4,569
young,4,570
broke,4,571
malcolme,4,572
rise,4,573
"lady,",4,574
"are,",4,575
"o,",4,576
violent,4,577
sorrow,4,578
england,4,579
"still,",4,580
"now,",4,581
kings.,4,582
heere's,4,583
bene,4,584
cause,4,585
sonne,4,586
issue,4,587
1.murth.,4,588
health,4,589
certaine,4,590
something,4,591
"sonne,",4,592
keepes,4,593
on:,4,594
note,4,595
flye,4,596
"flye,",4,597
scaena,4,598
fit,4,599
whole,4,600
often,4,601
sweet,4,602
diuell,4,603
fire,4,604
macduffe,4,605
bubble,4,606
appar.,4,607
mes.,4,608
colours.,4,609
"dunsinane,",4,610
feare.,4,611
"seyton,",4,612
y.sey.,4,613
"lost,",3,614
sunne,3,615
foule,3,616
"donalbaine,",3,617
meeting,3,618
"report,",3,619
newest,3,620
didst,3,621
cap.,3,622
damned,3,623
execution,3,624
valiant,3,625
norweyan,3,626
began,3,627
gashes,3,628
rosse,3,629
angus.,3,630
here?,3,631
point,3,632
"arme,",3,633
generall,3,634
"gone,",3,635
kinde,3,636
times,3,637
weyward,3,638
"sisters,",3,639
sea,3,640
"thine,",3,641
"mine,",3,642
"againe,",3,643
farre,3,644
wilde,3,645
ye,3,646
indeed,3,647
hayle,3,648
greater,3,649
cawdor?,3,650
cawdor.,3,651
"speake,",3,652
witches,3,653
water,3,654
ayre:,3,655
"here,",3,656
children,3,657
successe:,3,658
o're,3,659
thick,3,660
pay,3,661
"honor,",3,662
"yet,",3,663
not:,3,664
"glamys,",3,665
vnto,3,666
horrid,3,667
horrible,3,668
single,3,669
"is,",3,670
chance,3,671
crowne,3,672
honors,3,673
turne,3,674
them.,3,675
spoke,3,676
deepe,3,677
'twere,3,678
"art,",3,679
absolute,3,680
thee.,3,681
"throne,",3,682
"state,",3,683
labour,3,684
seeke,3,685
themselues,3,686
"thanes,",3,687
further,3,688
black,3,689
hand:,3,690
care,3,691
welcome:,3,692
quinta.,3,693
met,3,694
question,3,695
"ayre,",3,696
comming,3,697
milke,3,698
catch,3,699
"ambition,",3,700
"false,",3,701
spirits,3,702
"eare,",3,703
"who,",3,704
him;,3,705
womans,3,706
"hell,",3,707
"cry,",3,708
"hold,",3,709
time.,3,710
tongue:,3,711
sexta.,3,712
"angus,",3,713
castle,3,714
guest,3,715
"businesse,",3,716
"deepe,",3,717
purpose,3,718
"themselues,",3,719
graces,3,720
blow,3,721
deed:,3,722
shut,3,723
duncane,3,724
bin,3,725
sides,3,726
me?,3,727
"late,",3,728
cast,3,729
soone,3,730
breake,3,731
hard,3,732
"chamber,",3,733
"heauen,",3,734
summons,3,735
sleepe:,3,736
giues,3,737
seruant,3,738
bed.,3,739
sent,3,740
"withall,",3,741
"ready,",3,742
worth,3,743
halfe,3,744
"murther,",3,745
cold,3,746
bell,3,747
owle,3,748
groomes,3,749
husband?,3,750
sight,3,751
wake,3,752
blesse,3,753
amen,3,754
wherefore,3,755
throat,3,756
feast,3,757
therefore,3,758
wash,3,759
there:,3,760
faces,3,761
no:,3,762
shame,3,763
weare,3,764
knocke.,3,765
lost,3,766
porter.,3,767
hell,3,768
gods,3,769
"in,",3,770
port.,3,771
"on,",3,772
"too,",3,773
"lye,",3,774
him:,3,775
been,3,776
(as,3,777
night.,3,778
remembrance,3,779
"horror,",3,780
thence,3,781
"awake,",3,782
ring,3,783
"vp,",3,784
"sprights,",3,785
liu'd,3,786
meere,3,787
"head,",3,788
"oh,",3,789
found,3,790
mans,3,791
kill,3,792
look'd,3,793
"heart,",3,794
spoken,3,795
vs?,3,796
mallice,3,797
"sorrow,",3,798
darke,3,799
"last,",3,800
kill'd,3,801
duncans,3,802
"swift,",3,803
"obedience,",3,804
eate,3,805
sonnes,3,806
already,3,807
weyard,3,808
"england,",3,809
cruell,3,810
lord:,3,811
wish,3,812
horses,3,813
word,3,814
"nothing,",3,815
enemie,3,816
murtherers.,3,817
murth.,3,818
worst,3,819
loues,3,820
sundry,3,821
anon,3,822
soules,3,823
applaud,3,824
may'st,3,825
maiesty,3,826
"friends,",3,827
againe:,3,828
twenty,3,829
that:,3,830
againe.,3,831
countries,3,832
this?,3,833
murthers,3,834
lacke,3,835
deere,3,836
approach,3,837
aliue,3,838
"be,",3,839
growes,3,840
worse,3,841
yong,3,842
hopes,3,843
"wisedome,",3,844
father?,3,845
due,3,846
holy,3,847
warlike,3,848
now.,3,849
wisedome,3,850
boyle,3,851
"burne,",3,852
charme,3,853
blacke,3,854
castles,3,855
'em,3,856
tree,3,857
cheere,3,858
damn'd,3,859
"foole,",3,860
"do,",3,861
pretty,3,862
doubt,3,863
villaine,3,864
fast,3,865
"tyrant,",3,866
country,3,867
dy'de,3,868
remoue,3,869
affraid,3,870
lad.,3,871
cath.,3,872
dunsinane,3,873
"doctor,",3,874
byrnane,3,875
ser.,3,876
thanes,3,877
alarums.,3,878
tragedie,2,879
thunder,2,880
againe?,2,881
place?,2,882
heath,2,883
calls,2,884
"foule,",2,885
filthie,2,886
that?,2,887
souldier,2,888
braue,2,889
doubtfull,2,890
"stood,",2,891
cling,2,892
"together,",2,893
him),2,894
kernes,2,895
fortune,2,896
quarry,2,897
shew'd,2,898
deserues,2,899
"steele,",2,900
head,2,901
"cousin,",2,902
"spring,",2,903
seem'd,2,904
marke,2,905
sooner,2,906
iustice,2,907
"had,",2,908
valour,2,909
trust,2,910
"heeles,",2,911
"vantage,",2,912
"yes,",2,913
"sooth,",2,914
stroakes,2,915
"wounds,",2,916
both:,2,917
"looke,",2,918
thane?,2,919
banners,2,920
people,2,921
cold.,2,922
dismall,2,923
"point,",2,924
rebellious,2,925
bosome,2,926
greet,2,927
"beene,",2,928
"mouncht,",2,929
neyther,2,930
wearie,2,931
nine,2,932
come.,2,933
"land,",2,934
"goe,",2,935
"about,",2,936
wound,2,937
finger,2,938
lips:,2,939
"women,",2,940
glamis,2,941
"start,",2,942
"fantasticall,",2,943
partner,2,944
seedes,2,945
"grow,",2,946
hate,2,947
lesser,2,948
none:,2,949
"glamis,",2,950
stop,2,951
charge,2,952
vanish.,2,953
whither,2,954
winde.,2,955
eaten,2,956
kings,2,957
selfe-same,2,958
words:,2,959
"receiu'd,",2,960
newes,2,961
prayses,2,962
"that,",2,963
findes,2,964
tale,2,965
kingdomes,2,966
"defence,",2,967
"thanks,",2,968
earnest,2,969
cawdor:,2,970
"addition,",2,971
deuill,2,972
liues:,2,973
iudgement,2,974
beares,2,975
"wracke,",2,976
greatest,2,977
gaue,2,978
promis'd,2,979
trusted,2,980
"crowne,",2,981
besides,2,982
strange:,2,983
winne,2,984
darknesse,2,985
happy,2,986
act,2,987
imperiall,2,988
good.,2,989
vnfixe,2,990
rapt,2,991
stirre,2,992
cleaue,2,993
"may,",2,994
leysure,2,995
"leafe,",2,996
reade,2,997
hauing,2,998
weigh'd,2,999
hearts,2,1000
"liege,",2,1001
became,2,1002
mindes,2,1003
sinne,2,1004
wing,2,1005
"slow,",2,1006
"deseru'd,",2,1007
mine:,2,1008
"seruice,",2,1009
"owe,",2,1010
doing,2,1011
"part,",2,1012
duties,2,1013
"children,",2,1014
plant,2,1015
"sonnes,",2,1016
estate,2,1017
"hereafter,",2,1018
prince,2,1019
cumberland:,2,1020
shine,2,1021
vs'd,2,1022
ioyfull,2,1023
hearing,2,1024
see.,2,1025
banquo:,2,1026
banquet,2,1027
alone,2,1028
stood,2,1029
(my,2,1030
loose,2,1031
ignorant,2,1032
greatnesse,2,1033
humane,2,1034
way.,2,1035
"highly,",2,1036
"haue,",2,1037
it;,2,1038
vndone.,2,1039
"hither,",2,1040
"round,",2,1041
crown'd,2,1042
mess.,2,1043
mad,2,1044
preparation,2,1045
message,2,1046
rauen,2,1047
"spirits,",2,1048
"thoughts,",2,1049
peace,2,1050
betweene,2,1051
sightlesse,2,1052
wait,2,1053
keene,2,1054
knife,2,1055
beyond,2,1056
"flower,",2,1057
serpent,2,1058
for:,2,1059
"nights,",2,1060
soueraigne,2,1061
torches.,2,1062
"seat,",2,1063
sences,2,1064
heauens,2,1065
bird,2,1066
"breed,",2,1067
sometime,2,1068
loue.,2,1069
teach,2,1070
"paines,",2,1071
trouble,2,1072
contend,2,1073
"broad,",2,1074
house:,2,1075
home,2,1076
hostesse,2,1077
seruants,2,1078
"pleasure,",2,1079
septima.,2,1080
end,2,1081
schoole,2,1082
ingredience,2,1083
"doore,",2,1084
off:,2,1085
naked,2,1086
teares,2,1087
drowne,2,1088
pricke,2,1089
has,2,1090
chamber?,2,1091
ask'd,2,1092
bought,2,1093
"people,",2,1094
"act,",2,1095
"valour,",2,1096
"would,",2,1097
cat,2,1098
peace:,2,1099
dares,2,1100
tender,2,1101
braines,2,1102
faile?,2,1103
sticking,2,1104
"place,",2,1105
wee'le,2,1106
"wine,",2,1107
"braine,",2,1108
onely:,2,1109
sleepie,2,1110
"daggers,",2,1111
mock,2,1112
know.,2,1113
fleance.,2,1114
moone,2,1115
clock,2,1116
out:,2,1117
too.,2,1118
mercifull,2,1119
cursed,2,1120
torch.,2,1121
friend,2,1122
well.,2,1123
sir:,2,1124
bell.,2,1125
hand?,2,1126
"going,",2,1127
fooles,2,1128
before.,2,1129
thing:,2,1130
eyes.,2,1131
wicked,2,1132
heccats,2,1133
"wolfe,",2,1134
moues,2,1135
ghost.,2,1136
stones,2,1137
rings.,2,1138
"duncan,",2,1139
"knell,",2,1140
hell.,2,1141
the[m],2,1142
"liue,",2,1143
"deed,",2,1144
noyse?,2,1145
donalbaine,2,1146
sorry,2,1147
cry'd,2,1148
"prayers,",2,1149
together,2,1150
hands:,2,1151
deeds,2,1152
sore,2,1153
chiefe,2,1154
life's,2,1155
witnesse,2,1156
on't,2,1157
painted,2,1158
"bleed,",2,1159
easie,2,1160
"night-gowne,",2,1161
hang'd,2,1162
name?,2,1163
faith,2,1164
treason,2,1165
enough,2,1166
heauen:,2,1167
"anon,",2,1168
"drinke,",2,1169
leaues,2,1170
"beleeue,",2,1171
tooke,2,1172
shift,2,1173
timely,2,1174
delight,2,1175
bold,2,1176
macduff.,2,1177
selues:,2,1178
graues,2,1179
walke,2,1180
house?,2,1181
fell.,2,1182
"woe,",2,1183
deare,2,1184
so.,2,1185
dy'd,2,1186
"chance,",2,1187
time:,2,1188
donal.,2,1189
"wise,",2,1190
"loyall,",2,1191
loue;,2,1192
"courage,",2,1193
"hence,",2,1194
hoa,2,1195
lady,2,1196
"tongues,",2,1197
seize,2,1198
"thence,",2,1199
office,2,1200
"ireland,",2,1201
mens,2,1202
"way,",2,1203
houres,2,1204
"heauens,",2,1205
troubled,2,1206
kisse,2,1207
"at,",2,1208
"horses,",2,1209
warre,2,1210
ross.,2,1211
slaine,2,1212
alas,2,1213
bones,2,1214
wel,2,1215
women,2,1216
"good,",2,1217
hope.,2,1218
more.,2,1219
"lords,",2,1220
"feast,",2,1221
supper,2,1222
presence,2,1223
"graue,",2,1224
"farre,",2,1225
vpon's,2,1226
sure,2,1227
commend,2,1228
pleasure?,2,1229
pallace,2,1230
gate,2,1231
"thus,",2,1232
"he,",2,1233
line,2,1234
plac'd,2,1235
if't,2,1236
eternall,2,1237
common,2,1238
instruments:,2,1239
"soule,",2,1240
patience,2,1241
"issue,",2,1242
file,2,1243
according,2,1244
station,2,1245
sickly,2,1246
perfect,2,1247
2.murth.,2,1248
spight,2,1249
"true,",2,1250
minute,2,1251
"drop,",2,1252
aduise,2,1253
require,2,1254
absence,2,1255
selues,2,1256
abide,2,1257
"flight,",2,1258
"madame,",2,1259
will.,2,1260
destruction,2,1261
fancies,2,1262
"snake,",2,1263
it:,2,1264
remaines,2,1265
danger,2,1266
"suffer,",2,1267
gayne,2,1268
rugged,2,1269
bright,2,1270
wife:,2,1271
done?,2,1272
pittifull,2,1273
begin,2,1274
iust,2,1275
day.,2,1276
watch,2,1277
court,2,1278
"fleans,",2,1279
too't,2,1280
light?,2,1281
mingle,2,1282
thanks,2,1283
large,2,1284
"mirth,",2,1285
perfect;,2,1286
venom,2,1287
"giuen,",2,1288
sawce,2,1289
sits,2,1290
person,2,1291
blame,2,1292
lord?,2,1293
canst,2,1294
"rise,",2,1295
led,2,1296
faces?,2,1297
what?,2,1298
push,2,1299
heere:,2,1300
"duties,",2,1301
dost,2,1302
"beare,",2,1303
firme,2,1304
protest,2,1305
mee,2,1306
"shadow,",2,1307
hence.,2,1308
behold,2,1309
"sights,",2,1310
naturall,2,1311
"once,",2,1312
order,2,1313
trees,2,1314
brought,2,1315
macduff,2,1316
betimes,2,1317
causes,2,1318
wants,2,1319
"hecat,",2,1320
hec.,2,1321
"charmes,",2,1322
close,2,1323
others,2,1324
strength,2,1325
draw,2,1326
scorne,2,1327
song.,2,1328
spirit,2,1329
sing,2,1330
&c.,2,1331
strangely,2,1332
borne.,2,1333
macbeth:,2,1334
dead:,2,1335
right,2,1336
donalbane,2,1337
greeue,2,1338
pious,2,1339
"thinke,",2,1340
"words,",2,1341
messenger,2,1342
"backe,",2,1343
you'l,2,1344
"caution,",2,1345
t',2,1346
angell,2,1347
blessing,2,1348
"country,",2,1349
round,2,1350
one:,2,1351
charmed,2,1352
toyle,2,1353
roote,2,1354
adde,2,1355
comes:,2,1356
open,2,1357
confound,2,1358
vp:,2,1359
"apparation,",2,1360
head.,2,1361
vnknowne,2,1362
beware,2,1363
enough.,2,1364
descends.,2,1365
"bloody,",2,1366
harme,2,1367
"sure,",2,1368
childe,2,1369
top,2,1370
are:,2,1371
hill,2,1372
byrnan,2,1373
hart,2,1374
reigne,2,1375
sinkes,2,1376
noise,2,1377
"eyes,",2,1378
"hart,",2,1379
haire,2,1380
start,2,1381
accursed,2,1382
infected,2,1383
word:,2,1384
firstlings,2,1385
edge,2,1386
"babes,",2,1387
fly,2,1388
flight,2,1389
traitors,2,1390
flye?,2,1391
ones,2,1392
long,2,1393
birds,2,1394
mother?,2,1395
wilt,2,1396
speak'st,2,1397
"traitor,",2,1398
them?,2,1399
swearers,2,1400
beate,2,1401
weepe,2,1402
he's,2,1403
"mother,",2,1404
syllable,2,1405
offer,2,1406
wear,2,1407
precious,2,1408
goodnesse,2,1409
y,2,1410
vntimely,2,1411
cut,2,1412
owne.,2,1413
none.,2,1414
seuerall,2,1415
poure,2,1416
queene,2,1417
"feet,",2,1418
fare,2,1419
scotland.,2,1420
soule,2,1421
aboue,2,1422
strangers,2,1423
life.,2,1424
truly,2,1425
seyward,2,1426
setting,2,1427
doctor.,2,1428
wretched,2,1429
art.,2,1430
doctor,2,1431
disease,2,1432
dispaire,2,1433
hither,2,1434
meanes,2,1435
"borne,",2,1436
"souldier,",2,1437
maine,2,1438
part,2,1439
quickly,2,1440
ne're,2,1441
pull,2,1442
griefe,2,1443
too?,2,1444
cure,2,1445
all?,2,1446
"sword,",2,1447
front,2,1448
swords,2,1449
forgiue,2,1450
shee,2,1451
"sleep,",2,1452
her:,2,1453
strongly,2,1454
still:,2,1455
charg'd,2,1456
"bosome,",2,1457
vnnaturall,2,1458
"menteth,",2,1459
"cathnes,",2,1460
soldiers.,2,1461
"malcolm,",2,1462
seywards,2,1463
moue,2,1464
march,2,1465
marching.,2,1466
woman?,2,1467
souldiers,2,1468
soldiers,2,1469
confirm'd,2,1470
minister,2,1471
birnane,2,1472
famine,2,1473
death.,2,1474
dye,2,1475
drumme,2,1476
seyward.,2,1477
slaine.,2,1478
paid,2,1479
[the,1,1480
william,1,1481
shakespeare,1,1482
1603],1,1483
primus.,1,1484
scoena,1,1485
lightning.,1,1486
"thunder,",1,1487
"lightning,",1,1488
raine?,1,1489
hurley-burley's,1,1490
battaile's,1,1491
wonne,1,1492
gray-malkin,1,1493
padock,1,1494
anon:,1,1495
"faire,",1,1496
houer,1,1497
fogge,1,1498
ayre.,1,1499
"malcome,",1,1500
"attendants,",1,1501
bleeding,1,1502
captaine.,1,1503
seemeth,1,1504
"plight,",1,1505
reuolt,1,1506
"serieant,",1,1507
hardie,1,1508
fought,1,1509
captiuitie:,1,1510
friend;,1,1511
knowledge,1,1512
"broyle,",1,1513
spent,1,1514
"swimmers,",1,1515
choake,1,1516
art:,1,1517
mercilesse,1,1518
macdonwald,1,1519
(worthie,1,1520
"rebell,",1,1521
multiplying,1,1522
villanies,1,1523
swarme,1,1524
westerne,1,1525
isles,1,1526
gallowgrosses,1,1527
"supply'd,",1,1528
"smiling,",1,1529
rebells,1,1530
whore:,1,1531
weake:,1,1532
(well,1,1533
name),1,1534
disdayning,1,1535
brandisht,1,1536
smoak'd,1,1537
(like,1,1538
valours,1,1539
minion),1,1540
caru'd,1,1541
"passage,",1,1542
fac'd,1,1543
slaue:,1,1544
neu'r,1,1545
shooke,1,1546
farwell,1,1547
vnseam'd,1,1548
naue,1,1549
"chops,",1,1550
fix'd,1,1551
battlements,1,1552
gentleman,1,1553
'gins,1,1554
"reflection,",1,1555
shipwracking,1,1556
"stormes,",1,1557
direfull,1,1558
thunders:,1,1559
discomfort,1,1560
swells:,1,1561
"marke,",1,1562
"arm'd,",1,1563
compell'd,1,1564
skipping,1,1565
surueying,1,1566
furbusht,1,1567
"armes,",1,1568
supplyes,1,1569
fresh,1,1570
assault,1,1571
dismay'd,1,1572
"captaines,",1,1573
banquoh?,1,1574
"sparrowes,",1,1575
eagles;,1,1576
"hare,",1,1577
lyon:,1,1578
cannons,1,1579
ouer-charg'd,1,1580
"cracks,",1,1581
doubly,1,1582
redoubled,1,1583
foe:,1,1584
except,1,1585
meant,1,1586
bathe,1,1587
reeking,1,1588
memorize,1,1589
"golgotha,",1,1590
tell:,1,1591
"faint,",1,1592
smack,1,1593
surgeons.,1,1594
haste,1,1595
lookes,1,1596
eyes?,1,1597
saue,1,1598
cam'st,1,1599
"thou,",1,1600
"fiffe,",1,1601
flowt,1,1602
"skie,",1,1603
fanne,1,1604
norway,1,1605
"himselfe,",1,1606
"numbers,",1,1607
assisted,1,1608
disloyall,1,1609
"traytor,",1,1610
"conflict,",1,1611
bellona's,1,1612
"bridegroome,",1,1613
lapt,1,1614
"proofe,",1,1615
confronted,1,1616
"selfe-comparisons,",1,1617
arme,1,1618
curbing,1,1619
lauish,1,1620
spirit:,1,1621
"conclude,",1,1622
victorie,1,1623
happinesse,1,1624
"sweno,",1,1625
norwayes,1,1626
craues,1,1627
composition:,1,1628
deigne,1,1629
buriall,1,1630
"disbursed,",1,1631
saint,1,1632
colmes,1,1633
"ynch,",1,1634
"dollars,",1,1635
deceiue,1,1636
interest:,1,1637
wonne.,1,1638
sister?,1,1639
killing,1,1640
swine,1,1641
"sister,",1,1642
thou?,1,1643
saylors,1,1644
chestnuts,1,1645
"lappe,",1,1646
mouncht:,1,1647
quoth,1,1648
i.,1,1649
aroynt,1,1650
"witch,",1,1651
rumpe-fed,1,1652
ronyon,1,1653
cryes.,1,1654
husband's,1,1655
aleppo,1,1656
tiger:,1,1657
syue,1,1658
"sayle,",1,1659
rat,1,1660
"tayle,",1,1661
winde,1,1662
th'art,1,1663
ports,1,1664
"blow,",1,1665
quarters,1,1666
ship-mans,1,1667
card.,1,1668
dreyne,1,1669
drie,1,1670
hay:,1,1671
pent-house,1,1672
lid:,1,1673
forbid:,1,1674
"seu'nights,",1,1675
"nine,",1,1676
"dwindle,",1,1677
"peake,",1,1678
pine:,1,1679
barke,1,1680
tempest-tost.,1,1681
pilots,1,1682
"thumbe,",1,1683
"wrackt,",1,1684
homeward,1,1685
"drumme,",1,1686
drumme:,1,1687
posters,1,1688
nine.,1,1689
charme's,1,1690
vp.,1,1691
soris?,1,1692
"these,",1,1693
"wither'd,",1,1694
"attyre,",1,1695
inhabitants,1,1696
"earth,",1,1697
on't?,1,1698
aught,1,1699
question?,1,1700
vnderstand,1,1701
choppie,1,1702
laying,1,1703
skinnie,1,1704
beards,1,1705
forbid,1,1706
interprete,1,1707
can:,1,1708
hereafter,1,1709
faire?,1,1710
outwardly,1,1711
shew?,1,1712
prediction,1,1713
"hauing,",1,1714
"hope,",1,1715
wrapt,1,1716
withall:,1,1717
graine,1,1718
"begge,",1,1719
"fauors,",1,1720
than,1,1721
"happy,",1,1722
happyer,1,1723
imperfect,1,1724
"speakers,",1,1725
sinells,1,1726
"how,",1,1727
prosperous,1,1728
gentleman:,1,1729
prospect,1,1730
"beleefe,",1,1731
owe,1,1732
"intelligence,",1,1733
blasted,1,1734
prophetique,1,1735
greeting?,1,1736
"bubbles,",1,1737
"ha's,",1,1738
vanish'd?,1,1739
"corporall,",1,1740
"melted,",1,1741
stay'd,1,1742
about?,1,1743
insane,1,1744
"root,",1,1745
prisoner?,1,1746
tune,1,1747
happily,1,1748
reades,1,1749
personall,1,1750
venture,1,1751
rebels,1,1752
wonders,1,1753
"contend,",1,1754
his:,1,1755
silenc'd,1,1756
viewing,1,1757
stout,1,1758
"rankes,",1,1759
afeard,1,1760
images,1,1761
post,1,1762
"post,",1,1763
powr'd,1,1764
"sent,",1,1765
harrold,1,1766
true?,1,1767
dresse,1,1768
borrowed,1,1769
robes?,1,1770
loose.,1,1771
combin'd,1,1772
"norway,",1,1773
lyne,1,1774
rebell,1,1775
hidden,1,1776
"helpe,",1,1777
vantage;,1,1778
labour'd,1,1779
countreyes,1,1780
treasons,1,1781
"capitall,",1,1782
"confess'd,",1,1783
"prou'd,",1,1784
ouerthrowne,1,1785
behinde.,1,1786
paines.,1,1787
"home,",1,1788
enkindle,1,1789
"oftentimes,",1,1790
"harme,",1,1791
instruments,1,1792
"truths,",1,1793
"trifles,",1,1794
betray's,1,1795
deepest,1,1796
consequence.,1,1797
"cousins,",1,1798
"word,",1,1799
truths,1,1800
"told,",1,1801
prologues,1,1802
swelling,1,1803
theame.,1,1804
gentlemen:,1,1805
supernaturall,1,1806
solliciting,1,1807
ill;,1,1808
ill?,1,1809
"successe,",1,1810
commencing,1,1811
truth?,1,1812
good?,1,1813
"suggestion,",1,1814
image,1,1815
"heire,",1,1816
seated,1,1817
knock,1,1818
"ribbes,",1,1819
nature?,1,1820
imaginings:,1,1821
shakes,1,1822
function,1,1823
smother'd,1,1824
"surmise,",1,1825
partner's,1,1826
"garments,",1,1827
"mould,",1,1828
aid,1,1829
runs,1,1830
roughest,1,1831
fauour:,1,1832
dull,1,1833
braine,1,1834
forgotten.,1,1835
"gentlemen,",1,1836
paines,1,1837
"registred,",1,1838
king:,1,1839
chanc'd:,1,1840
interim,1,1841
gladly,1,1842
friends.,1,1843
commission,1,1844
return'd?,1,1845
back.,1,1846
die:,1,1847
frankly,1,1848
confess'd,1,1849
"treasons,",1,1850
implor'd,1,1851
"pardon,",1,1852
repentance:,1,1853
leauing,1,1854
"dy'de,",1,1855
studied,1,1856
"ow'd,",1,1857
carelesse,1,1858
trifle,1,1859
construction,1,1860
face.,1,1861
"gentleman,",1,1862
built,1,1863
trust.,1,1864
worthyest,1,1865
ingratitude,1,1866
swiftest,1,1867
recompence,1,1868
ouertake,1,1869
hadst,1,1870
proportion,1,1871
"payment,",1,1872
"due,",1,1873
loyaltie,1,1874
payes,1,1875
duties:,1,1876
seruants;,1,1877
"should,",1,1878
hither:,1,1879
begun,1,1880
growing.,1,1881
enfold,1,1882
haruest,1,1883
plenteous,1,1884
"ioyes,",1,1885
wanton,1,1886
"fulnesse,",1,1887
drops,1,1888
sorrow.,1,1889
"kinsmen,",1,1890
places,1,1891
"nearest,",1,1892
establish,1,1893
"eldest,",1,1894
"vnaccompanied,",1,1895
inuest,1,1896
"onely,",1,1897
signes,1,1898
"noblenesse,",1,1899
"starres,",1,1900
deseruers.,1,1901
"envernes,",1,1902
binde,1,1903
"labor,",1,1904
"herbenger,",1,1905
approach:,1,1906
humbly,1,1907
"step,",1,1908
"o're-leape,",1,1909
lyes.,1,1910
starres,1,1911
"fires,",1,1912
desires:,1,1913
winke,1,1914
"bee,",1,1915
"feares,",1,1916
"valiant,",1,1917
"commendations,",1,1918
fed:,1,1919
peerelesse,1,1920
kinsman.,1,1921
letter.,1,1922
learn'd,1,1923
perfect'st,1,1924
knowledge.,1,1925
burnt,1,1926
vanish'd.,1,1927
wonder,1,1928
missiues,1,1929
all-hail'd,1,1930
sisters,1,1931
saluted,1,1932
referr'd,1,1933
be.,1,1934
deliuer,1,1935
greatnesse),1,1936
might'st,1,1937
dues,1,1938
reioycing,1,1939
farewell.,1,1940
glamys,1,1941
promis'd:,1,1942
"kindnesse,",1,1943
neerest,1,1944
"great,",1,1945
illnesse,1,1946
holily:,1,1947
wrongly,1,1948
winne.,1,1949
thould'st,1,1950
"cryes,",1,1951
do'st,1,1952
wishest,1,1953
chastise,1,1954
impeides,1,1955
metaphysicall,1,1956
ayde,1,1957
withall.,1,1958
tidings?,1,1959
thou'rt,1,1960
him?,1,1961
wer't,1,1962
inform'd,1,1963
true:,1,1964
comming:,1,1965
fellowes,1,1966
speed,1,1967
"breath,",1,1968
scarcely,1,1969
"tending,",1,1970
brings,1,1971
"newes,",1,1972
"hoarse,",1,1973
croakes,1,1974
entrance,1,1975
battlements.,1,1976
tend,1,1977
vnsex,1,1978
"toe,",1,1979
top-full,1,1980
direst,1,1981
crueltie:,1,1982
"accesse,",1,1983
passage,1,1984
"remorse,",1,1985
compunctious,1,1986
visitings,1,1987
"purpose,",1,1988
"effect,",1,1989
hit.,1,1990
"brests,",1,1991
"gall,",1,1992
murth'ring,1,1993
"ministers,",1,1994
"where-euer,",1,1995
"substances,",1,1996
mischiefe.,1,1997
pall,1,1998
dunnest,1,1999
smoake,1,2000
"makes,",1,2001
peepe,1,2002
blanket,1,2003
"darke,",1,2004
hold.,1,2005
"both,",1,2006
all-haile,1,2007
letters,1,2008
transported,1,2009
"present,",1,2010
future,1,2011
instant,1,2012
hence?,1,2013
purposes,1,2014
"neuer,",1,2015
"booke,",1,2016
"matters,",1,2017
beguile,1,2018
vnder't.,1,2019
"comming,",1,2020
prouided,1,2021
"dispatch,",1,2022
solely,1,2023
"sway,",1,2024
masterdome,1,2025
cleare:,1,2026
alter,1,2027
"fauor,",1,2028
"hoboyes,",1,2029
pleasant,1,2030
nimbly,1,2031
sweetly,1,2032
recommends,1,2033
"summer,",1,2034
temple-haunting,1,2035
barlet,1,2036
"approue,",1,2037
loued,1,2038
"mansonry,",1,2039
smells,1,2040
wooingly,1,2041
here:,1,2042
iutty,1,2043
"frieze,",1,2044
"buttrice,",1,2045
coigne,1,2046
pendant,1,2047
procreant,1,2048
"cradle,",1,2049
haunt:,1,2050
obseru'd,1,2051
delicate.,1,2052
honor'd,1,2053
hostesse:,1,2054
followes,1,2055
herein,1,2056
god-eyld,1,2057
twice,1,2058
"poore,",1,2059
wherewith,1,2060
maiestie,1,2061
loades,1,2062
"old,",1,2063
late,1,2064
"dignities,",1,2065
heap'd,1,2066
ermites,1,2067
where's,1,2068
courst,1,2069
purueyor:,1,2070
rides,1,2071
(sharpe,1,2072
spurre),1,2073
holp,1,2074
"theirs,",1,2075
theirs,1,2076
"compt,",1,2077
audit,1,2078
conduct,1,2079
host,1,2080
"continue,",1,2081
hostesse.,1,2082
hoboyes.,1,2083
"sewer,",1,2084
diuers,1,2085
dishes,1,2086
seruice,1,2087
ouer,1,2088
stage.,1,2089
'twer,1,2090
quickly:,1,2091
assassination,1,2092
trammell,1,2093
"consequence,",1,2094
"surcease,",1,2095
banke,1,2096
wee'ld,1,2097
iumpe,1,2098
"cases,",1,2099
"instructions,",1,2100
"taught,",1,2101
plague,1,2102
"inuenter,",1,2103
euen-handed,1,2104
commends,1,2105
poyson'd,1,2106
challice,1,2107
lips.,1,2108
trust;,1,2109
"first,",1,2110
"kinsman,",1,2111
"subiect,",1,2112
"host,",1,2113
murtherer,1,2114
"besides,",1,2115
faculties,1,2116
meeke;,1,2117
cleere,1,2118
"office,",1,2119
vertues,1,2120
pleade,1,2121
"angels,",1,2122
trumpet-tongu'd,1,2123
damnation,1,2124
taking,1,2125
"pitty,",1,2126
"new-borne-babe,",1,2127
striding,1,2128
"blast,",1,2129
"cherubin,",1,2130
hors'd,1,2131
curriors,1,2132
spurre,1,2133
"intent,",1,2134
vaulting,1,2135
ore-leapes,1,2136
falles,1,2137
other.,1,2138
newes?,1,2139
supt:,1,2140
ha's?,1,2141
proceed,1,2142
businesse:,1,2143
honour'd,1,2144
opinions,1,2145
sorts,1,2146
worne,1,2147
"glosse,",1,2148
aside,1,2149
"drunke,",1,2150
wherein,1,2151
drest,1,2152
selfe?,1,2153
slept,1,2154
since?,1,2155
wakes,1,2156
"greene,",1,2157
"pale,",1,2158
freely?,1,2159
account,1,2160
affear'd,1,2161
same,1,2162
desire?,1,2163
esteem'st,1,2164
ornament,1,2165
coward,1,2166
esteeme?,1,2167
letting,1,2168
addage,1,2169
beast,1,2170
enterprize,1,2171
durst,1,2172
"were,",1,2173
"adhere,",1,2174
fitnesse,1,2175
vnmake,1,2176
"sucke,",1,2177
babe,1,2178
milkes,1,2179
smyling,1,2180
pluckt,1,2181
nipple,1,2182
bonelesse,1,2183
"gummes,",1,2184
dasht,1,2185
sworne,1,2186
screw,1,2187
courage,1,2188
fayle:,1,2189
"asleepe,",1,2190
(whereto,1,2191
iourney,1,2192
soundly,1,2193
inuite,1,2194
chamberlaines,1,2195
"wassell,",1,2196
"conuince,",1,2197
"memorie,",1,2198
warder,1,2199
"fume,",1,2200
receit,1,2201
lymbeck,1,2202
swinish,1,2203
drenched,1,2204
vnguarded,1,2205
duncan?,1,2206
spungie,1,2207
officers?,1,2208
guilt,1,2209
quell,1,2210
men-children,1,2211
vndaunted,1,2212
mettle,1,2213
compose,1,2214
males.,1,2215
mark'd,1,2216
don't?,1,2217
griefes,1,2218
clamor,1,2219
"rore,",1,2220
death?,1,2221
"settled,",1,2222
bend,1,2223
corporall,1,2224
agent,1,2225
feat.,1,2226
fairest,1,2227
"show,",1,2228
secundus.,1,2229
"fleance,",1,2230
torch,1,2231
boy?,1,2232
twelue,1,2233
"take't,",1,2234
"later,",1,2235
husbandry,1,2236
candles,1,2237
lead,1,2238
"powers,",1,2239
restraine,1,2240
repose.,1,2241
rest?,1,2242
king's,1,2243
vnusuall,1,2244
largesse,1,2245
offices.,1,2246
diamond,1,2247
greetes,1,2248
kind,1,2249
"hostesse,",1,2250
measurelesse,1,2251
content,1,2252
"vnprepar'd,",1,2253
"defect,",1,2254
dreamt,1,2255
sisters:,1,2256
entreat,1,2257
"serue,",1,2258
graunt,1,2259
kind'st,1,2260
"consent,",1,2261
"'tis,",1,2262
lose,1,2263
"none,",1,2264
seeking,1,2265
augment,1,2266
"franchis'd,",1,2267
allegeance,1,2268
"cleare,",1,2269
counsail'd,1,2270
repose,1,2271
"mistresse,",1,2272
"dagger,",1,2273
handle,1,2274
clutch,1,2275
still.,1,2276
"vision,",1,2277
sensible,1,2278
"feeling,",1,2279
sight?,1,2280
dagger,1,2281
"creation,",1,2282
proceeding,1,2283
heat-oppressed,1,2284
braine?,1,2285
forme,1,2286
"palpable,",1,2287
draw.,1,2288
marshall'st,1,2289
instrument,1,2290
vse.,1,2291
"sences,",1,2292
rest:,1,2293
still;,1,2294
"blade,",1,2295
"dudgeon,",1,2296
gouts,1,2297
informes,1,2298
dreames,1,2299
abuse,1,2300
curtain'd,1,2301
witchcraft,1,2302
celebrates,1,2303
pale,1,2304
offrings:,1,2305
wither'd,1,2306
alarum'd,1,2307
"centinell,",1,2308
howle's,1,2309
"watch,",1,2310
stealthy,1,2311
"pace,",1,2312
tarquins,1,2313
rauishing,1,2314
"sides,",1,2315
designe,1,2316
sowre,1,2317
firme-set,1,2318
"steps,",1,2319
"walke,",1,2320
prate,1,2321
"where-about,",1,2322
horror,1,2323
sutes,1,2324
"threat,",1,2325
heat,1,2326
deedes,1,2327
giues.,1,2328
inuites,1,2329
"drunk,",1,2330
bold:,1,2331
quench'd,1,2332
fire.,1,2333
"shriek'd,",1,2334
"bell-man,",1,2335
stern'st,1,2336
good-night.,1,2337
doores,1,2338
open:,1,2339
surfeted,1,2340
snores.,1,2341
drugg'd,1,2342
"possets,",1,2343
dye.,1,2344
hoa?,1,2345
"alack,",1,2346
afraid,1,2347
"awak'd,",1,2348
"attempt,",1,2349
confounds,1,2350
hearke:,1,2351
lay'd,1,2352
misse,1,2353
'em.,1,2354
resembled,1,2355
"slept,",1,2356
don't.,1,2357
"schreame,",1,2358
crickets,1,2359
cry.,1,2360
speake?,1,2361
when?,1,2362
descended?,1,2363
foolish,1,2364
in's,1,2365
other:,1,2366
addrest,1,2367
lodg'd,1,2368
hangmans,1,2369
listning,1,2370
"amen,",1,2371
consider,1,2372
deepely,1,2373
amen?,1,2374
"blessing,",1,2375
stuck,1,2376
wayes:,1,2377
voyce,1,2378
sleep,1,2379
knits,1,2380
rauel'd,1,2381
sleeue,1,2382
"care,",1,2383
labors,1,2384
"bath,",1,2385
balme,1,2386
hurt,1,2387
"mindes,",1,2388
"course,",1,2389
nourisher,1,2390
meane?,1,2391
"cry'd,",1,2392
cry'd?,1,2393
vnbend,1,2394
"strength,",1,2395
braine-sickly,1,2396
things:,1,2397
"water,",1,2398
carry,1,2399
smeare,1,2400
"afraid,",1,2401
infirme,1,2402
purpose:,1,2403
daggers:,1,2404
"sleeping,",1,2405
pictures:,1,2406
"childhood,",1,2407
deuill.,1,2408
guild,1,2409
guilt.,1,2410
knocke,1,2411
knocking?,1,2412
noyse,1,2413
appalls,1,2414
hah:,1,2415
pluck,1,2416
neptunes,1,2417
ocean,1,2418
cleane,1,2419
multitudinous,1,2420
seas,1,2421
"incarnardine,",1,2422
making,1,2423
greene,1,2424
red.,1,2425
colour:,1,2426
white.,1,2427
south,1,2428
entry:,1,2429
retyre,1,2430
chamber:,1,2431
cleares,1,2432
deed.,1,2433
then?,1,2434
constancie,1,2435
vnattended.,1,2436
knocking.,1,2437
occasion,1,2438
watchers:,1,2439
poorely,1,2440
knocking:,1,2441
could'st.,1,2442
indeede:,1,2443
porter,1,2444
"gate,",1,2445
turning,1,2446
key.,1,2447
belzebub?,1,2448
"farmer,",1,2449
expectation,1,2450
plentie:,1,2451
napkins,1,2452
enow,1,2453
you'le,1,2454
sweat,1,2455
for't.,1,2456
deuils,1,2457
"equiuocator,",1,2458
sweare,1,2459
scales,1,2460
eyther,1,2461
"scale,",1,2462
committed,1,2463
"sake,",1,2464
equiuocate,1,2465
equiuocator.,1,2466
'faith,1,2467
taylor,1,2468
stealing,1,2469
french,1,2470
hose:,1,2471
"taylor,",1,2472
rost,1,2473
goose.,1,2474
quiet:,1,2475
deuill-porter,1,2476
further:,1,2477
"professions,",1,2478
primrose,1,2479
euerlasting,1,2480
bonfire.,1,2481
"friend,",1,2482
late?,1,2483
carowsing,1,2484
cock:,1,2485
prouoker,1,2486
especially,1,2487
prouoke?,1,2488
"marry,",1,2489
"nose-painting,",1,2490
vrine.,1,2491
"lecherie,",1,2492
"prouokes,",1,2493
vnprouokes:,1,2494
prouokes,1,2495
"desire,",1,2496
performance.,1,2497
equiuocator,1,2498
lecherie:,1,2499
marres,1,2500
sets,1,2501
off;,1,2502
perswades,1,2503
dis-heartens,1,2504
"conclusion,",1,2505
equiuocates,1,2506
giuing,1,2507
"did,",1,2508
i'the,1,2509
requited,1,2510
(i,1,2511
thinke),1,2512
legges,1,2513
"sometime,",1,2514
stirring?,1,2515
awak'd,1,2516
"stirring,",1,2517
slipt,1,2518
physicks,1,2519
paine:,1,2520
doore,1,2521
"call,",1,2522
limitted,1,2523
seruice.,1,2524
day?,1,2525
does:,1,2526
appoint,1,2527
vnruly:,1,2528
"lay,",1,2529
chimneys,1,2530
blowne,1,2531
say),1,2532
lamentings,1,2533
ayre;,1,2534
schreemes,1,2535
"prophecying,",1,2536
accents,1,2537
"terrible,",1,2538
dyre,1,2539
"combustion,",1,2540
confus'd,1,2541
"euents,",1,2542
hatch'd,1,2543
wofull,1,2544
obscure,1,2545
clamor'd,1,2546
liue-long,1,2547
"feuorous,",1,2548
'twas,1,2549
rough,1,2550
paralell,1,2551
fellow,1,2552
"conceiue,",1,2553
matter?,1,2554
confusion,1,2555
master-peece:,1,2556
sacrilegious,1,2557
ope,1,2558
lords,1,2559
anoynted,1,2560
"temple,",1,2561
stole,1,2562
building,1,2563
life?,1,2564
meane,1,2565
maiestie?,1,2566
approch,1,2567
destroy,1,2568
gorgon.,1,2569
bell:,1,2570
"treason,",1,2571
donalbaine:,1,2572
downey,1,2573
deaths,1,2574
"counterfeit,",1,2575
selfe:,1,2576
doomes,1,2577
image:,1,2578
countenance,1,2579
horror.,1,2580
businesse?,1,2581
hideous,1,2582
trumpet,1,2583
parley,1,2584
sleepers,1,2585
repetition,1,2586
master's,1,2587
alas:,1,2588
"cruell,",1,2589
where.,1,2590
"duff,",1,2591
contradict,1,2592
blessed,1,2593
"instant,",1,2594
serious,1,2595
mortalitie:,1,2596
toyes:,1,2597
renowne,1,2598
wine,1,2599
"drawne,",1,2600
lees,1,2601
"vault,",1,2602
brag,1,2603
of.,1,2604
donalbaine.,1,2605
amisse?,1,2606
know't:,1,2607
fountaine,1,2608
"stopt,",1,2609
source,1,2610
stopt,1,2611
father's,1,2612
whom?,1,2613
"seem'd,",1,2614
don't:,1,2615
badg'd,1,2616
"vnwip'd,",1,2617
pillowes:,1,2618
"star'd,",1,2619
"distracted,",1,2620
repent,1,2621
"furie,",1,2622
"amaz'd,",1,2623
"temp'rate,",1,2624
"furious,",1,2625
"neutrall,",1,2626
moment?,1,2627
expedition,1,2628
out-run,1,2629
"pawser,",1,2630
reason.,1,2631
siluer,1,2632
"skinne,",1,2633
lac'd,1,2634
gash'd,1,2635
"stabs,",1,2636
breach,1,2637
ruines,1,2638
wastfull,1,2639
entrance:,1,2640
"murtherers,",1,2641
steep'd,1,2642
colours,1,2643
trade;,1,2644
vnmannerly,1,2645
breech'd,1,2646
gore:,1,2647
"refraine,",1,2648
make's,1,2649
knowne?,1,2650
clayme,1,2651
argument,1,2652
ours?,1,2653
hid,1,2654
augure,1,2655
"hole,",1,2656
"rush,",1,2657
brew'd,1,2658
foot,1,2659
motion,1,2660
lady:,1,2661
frailties,1,2662
"hid,",1,2663
suffer,1,2664
exposure;,1,2665
"meet,",1,2666
piece,1,2667
"worke,",1,2668
further.,1,2669
scruples,1,2670
"stand,",1,2671
vndivulg'd,1,2672
"pretence,",1,2673
treasonous,1,2674
briefely,1,2675
manly,1,2676
"readinesse,",1,2677
hall,1,2678
contented.,1,2679
doe?,1,2680
consort,1,2681
vnfelt,1,2682
easie.,1,2683
don.,1,2684
i:,1,2685
seperated,1,2686
safer:,1,2687
smiles;,1,2688
neerer,1,2689
murtherous,1,2690
shaft,1,2691
"shot,",1,2692
lighted:,1,2693
safest,1,2694
auoid,1,2695
ayme.,1,2696
"horse,",1,2697
daintie,1,2698
"leaue-taking,",1,2699
away:,1,2700
warrant,1,2701
"theft,",1,2702
steales,1,2703
mercie,1,2704
left.,1,2705
threescore,1,2706
volume,1,2707
"dreadfull,",1,2708
trifled,1,2709
knowings,1,2710
"ha,",1,2711
"father,",1,2712
seest,1,2713
threatens,1,2714
stage:,1,2715
byth',1,2716
strangles,1,2717
trauailing,1,2718
lampe:,1,2719
"predominance,",1,2720
"shame,",1,2721
"intombe,",1,2722
liuing,1,2723
it?,1,2724
"vnnaturall,",1,2725
tuesday,1,2726
faulcon,1,2727
towring,1,2728
pride,1,2729
mowsing,1,2730
hawkt,1,2731
(a,1,2732
"strange,",1,2733
certaine),1,2734
"beauteous,",1,2735
minions,1,2736
"race,",1,2737
turn'd,1,2738
"stalls,",1,2739
flong,1,2740
contending,1,2741
mankinde,1,2742
"said,",1,2743
amazement,1,2744
vpon't.,1,2745
not?,1,2746
known,1,2747
deed?,1,2748
pretend?,1,2749
"subborned,",1,2750
stolne,1,2751
"fled,",1,2752
puts,1,2753
suspition,1,2754
thriftlesse,1,2755
meanes:,1,2756
"like,",1,2757
soueraignty,1,2758
"nam'd,",1,2759
scone,1,2760
inuested,1,2761
body?,1,2762
carried,1,2763
"colmekill,",1,2764
sacred,1,2765
store-house,1,2766
"predecessors,",1,2767
guardian,1,2768
scone?,1,2769
"cosin,",1,2770
fife,1,2771
adieu,1,2772
robes,1,2773
easier,1,2774
"farewell,",1,2775
m.,1,2776
benyson,1,2777
"bad,",1,2778
foes.,1,2779
omnes,1,2780
tertius.,1,2781
"promis'd,",1,2782
playd'st,1,2783
fowly,1,2784
for't:,1,2785
saide,1,2786
"posterity,",1,2787
"roote,",1,2788
speeches,1,2789
"shine,",1,2790
verities,1,2791
oracles,1,2792
"hush,",1,2793
senit,1,2794
sounded.,1,2795
"forgotten,",1,2796
gap,1,2797
all-thing,1,2798
vnbecomming,1,2799
solemne,1,2800
request,1,2801
indissoluble,1,2802
tye,1,2803
knit,1,2804
ride,1,2805
afternoone?,1,2806
desir'd,1,2807
aduice,1,2808
(which,1,2809
prosperous),1,2810
councell:,1,2811
morrow.,1,2812
ride?,1,2813
'twixt,1,2814
supper.,1,2815
horse,1,2816
"better,",1,2817
borrower,1,2818
twaine,1,2819
faile,1,2820
cozens,1,2821
bestow'd,1,2822
confessing,1,2823
"parricide,",1,2824
filling,1,2825
hearers,1,2826
inuention.,1,2827
"therewithall,",1,2828
crauing,1,2829
ioyntly.,1,2830
hye,1,2831
horse:,1,2832
"adieu,",1,2833
fleance,1,2834
foot:,1,2835
backs.,1,2836
farwell.,1,2837
seuen,1,2838
societie,1,2839
sweeter,1,2840
alone:,1,2841
"sirrha,",1,2842
vs.,1,2843
safely,1,2844
sticke,1,2845
royaltie,1,2846
reignes,1,2847
fear'd.,1,2848
"dares,",1,2849
dauntlesse,1,2850
temper,1,2851
"wisdome,",1,2852
guide,1,2853
safetie.,1,2854
genius,1,2855
"rebuk'd,",1,2856
mark,1,2857
anthonies,1,2858
caesar.,1,2859
chid,1,2860
"prophet-like,",1,2861
hayl'd,1,2862
fruitlesse,1,2863
barren,1,2864
scepter,1,2865
"gripe,",1,2866
wrencht,1,2867
vnlineall,1,2868
succeeding:,1,2869
fil'd,1,2870
"murther'd,",1,2871
rancours,1,2872
vessell,1,2873
iewell,1,2874
"lyst,",1,2875
champion,1,2876
vtterance.,1,2877
"seruant,",1,2878
call.,1,2879
yesterday,1,2880
together?,1,2881
"was,",1,2882
consider'd,1,2883
speeches:,1,2884
"past,",1,2885
held,1,2886
"conference,",1,2887
past,1,2888
probation,1,2889
crost:,1,2890
"else,",1,2891
notion,1,2892
"craz'd,",1,2893
meeting.,1,2894
"predominant,",1,2895
goe?,1,2896
"gospell'd,",1,2897
bow'd,1,2898
begger'd,1,2899
yours,1,2900
euer?,1,2901
liege,1,2902
catalogue,1,2903
"hounds,",1,2904
"greyhounds,",1,2905
"mungrels,",1,2906
"spaniels,",1,2907
"curres,",1,2908
"showghes,",1,2909
"water-rugs,",1,2910
demy-wolues,1,2911
clipt,1,2912
dogges:,1,2913
valued,1,2914
distinguishes,1,2915
"subtle,",1,2916
"house-keeper,",1,2917
"hunter,",1,2918
"gift,",1,2919
bounteous,1,2920
clos'd:,1,2921
whereby,1,2922
particular,1,2923
"bill,",1,2924
writes,1,2925
alike:,1,2926
men.,1,2927
"file,",1,2928
ranke,1,2929
"manhood,",1,2930
"say't,",1,2931
"bosomes,",1,2932
"off,",1,2933
grapples,1,2934
heart;,1,2935
vile,1,2936
blowes,1,2937
buffets,1,2938
"incens'd,",1,2939
recklesse,1,2940
"another,",1,2941
"disasters,",1,2942
tugg'd,1,2943
mend,1,2944
rid,1,2945
"distance,",1,2946
"being,",1,2947
thrusts,1,2948
neer'st,1,2949
life:,1,2950
bare-fac'd,1,2951
sweepe,1,2952
auouch,1,2953
"his,",1,2954
wayle,1,2955
"fall,",1,2956
struck,1,2957
assistance,1,2958
masking,1,2959
weightie,1,2960
reasons,1,2961
"shall,",1,2962
liues-,1,2963
"most,",1,2964
"selues,",1,2965
acquaint,1,2966
spy,1,2967
moment,1,2968
"on't,",1,2969
for't,1,2970
pallace:,1,2971
alwayes,1,2972
clearenesse;,1,2973
rubs,1,2974
botches,1,2975
worke:,1,2976
",",1,2977
"companie,",1,2978
materiall,1,2979
"fathers,",1,2980
embrace,1,2981
houre:,1,2982
resolue,1,2983
"apart,",1,2984
"resolu'd,",1,2985
straight:,1,2986
"within,",1,2987
concluded:,1,2988
court?,1,2989
returnes,1,2990
"leysure,",1,2991
few,1,2992
nought's,1,2993
spent.,1,2994
got,1,2995
content:,1,2996
"safer,",1,2997
"destroy,",1,2998
dwell,1,2999
ioy.,1,3000
alone?,1,3001
sorryest,1,3002
companions,1,3003
"making,",1,3004
vsing,1,3005
remedie,1,3006
regard:,1,3007
scorch'd,1,3008
shee'le,1,3009
"close,",1,3010
whilest,1,3011
tooth.,1,3012
frame,1,3013
"dis-ioynt,",1,3014
worlds,1,3015
meale,1,3016
affliction,1,3017
"dreames,",1,3018
nightly:,1,3019
"we,",1,3020
torture,1,3021
restlesse,1,3022
extasie.,1,3023
graue:,1,3024
lifes,1,3025
fitfull,1,3026
"feuer,",1,3027
sleepes,1,3028
worst:,1,3029
"poyson,",1,3030
"domestique,",1,3031
forraine,1,3032
"leuie,",1,3033
touch,1,3034
sleeke,1,3035
"lookes,",1,3036
iouiall,1,3037
among,1,3038
guests,1,3039
apply,1,3040
"eminence,",1,3041
vnsafe,1,3042
"while,",1,3043
laue,1,3044
flattering,1,3045
"streames,",1,3046
vizards,1,3047
"hearts,",1,3048
disguising,1,3049
scorpions,1,3050
"know'st,",1,3051
coppie's,1,3052
eterne,1,3053
"assaileable,",1,3054
iocund:,1,3055
bat,1,3056
flowne,1,3057
cloyster'd,1,3058
shard-borne,1,3059
"beetle,",1,3060
drowsie,1,3061
"hums,",1,3062
rung,1,3063
yawning,1,3064
"peale,",1,3065
dreadfull,1,3066
"knowledge,",1,3067
"chuck,",1,3068
seeling,1,3069
skarfe,1,3070
bloodie,1,3071
inuisible,1,3072
cancell,1,3073
teare,1,3074
pieces,1,3075
"bond,",1,3076
pale.,1,3077
"thickens,",1,3078
crow,1,3079
rookie,1,3080
wood:,1,3081
"droope,",1,3082
"drowse,",1,3083
agents,1,3084
prey's,1,3085
rowse.,1,3086
maruell'st,1,3087
"begun,",1,3088
ill:,1,3089
ioyne,1,3090
needes,1,3091
"mistrust,",1,3092
deliuers,1,3093
"offices,",1,3094
direction,1,3095
west,1,3096
glimmers,1,3097
streakes,1,3098
spurres,1,3099
lated,1,3100
traueller,1,3101
"apace,",1,3102
"inne,",1,3103
approches,1,3104
subiect,1,3105
"there,",1,3106
hee:,1,3107
"rest,",1,3108
"expectation,",1,3109
alreadie,1,3110
mile:,1,3111
"vsually,",1,3112
walke.,1,3113
"light,",1,3114
rayne,1,3115
trecherie!,1,3116
reuenge.,1,3117
slaue!,1,3118
way?,1,3119
affaire,1,3120
done.,1,3121
prepar'd.,1,3122
"degrees,",1,3123
hearty,1,3124
"society,",1,3125
humble,1,3126
host:,1,3127
"speakes,",1,3128
welcome.,1,3129
murtherer.,1,3130
encounter,1,3131
harts,1,3132
euen:,1,3133
"mid'st,",1,3134
measure,1,3135
table,1,3136
round.,1,3137
"without,",1,3138
dispatch'd?,1,3139
"cut,",1,3140
"cut-throats,",1,3141
fleans:,1,3142
did'st,1,3143
non-pareill,1,3144
scap'd,1,3145
"marble,",1,3146
founded,1,3147
"rocke,",1,3148
"generall,",1,3149
casing,1,3150
"cabin'd,",1,3151
"crib'd,",1,3152
"confin'd,",1,3153
bound,1,3154
sawcy,1,3155
"doubts,",1,3156
feares.,1,3157
safe?,1,3158
ditch,1,3159
"bides,",1,3160
trenched,1,3161
head;,1,3162
growne,1,3163
"lyes,",1,3164
worme,1,3165
teeth,1,3166
present.,1,3167
murderer.,1,3168
"cheere,",1,3169
sold,1,3170
"vouch'd,",1,3171
making:,1,3172
feede,1,3173
home:,1,3174
meate,1,3175
"ceremony,",1,3176
bare,1,3177
ghost,1,3178
place.,1,3179
remembrancer:,1,3180
digestion,1,3181
waite,1,3182
"appetite,",1,3183
may't,1,3184
"roof'd,",1,3185
grac'd,1,3186
present:,1,3187
challenge,1,3188
"vnkindnesse,",1,3189
pitty,1,3190
mischance,1,3191
(sir),1,3192
layes,1,3193
promise.,1,3194
pleas't,1,3195
company?,1,3196
table's,1,3197
reseru'd,1,3198
where?,1,3199
highnesse?,1,3200
goary,1,3201
lockes,1,3202
gentlemen,1,3203
friends:,1,3204
youth.,1,3205
"momentary,",1,3206
offend,1,3207
extend,1,3208
"passion,",1,3209
"feed,",1,3210
regard,1,3211
man?,1,3212
appall,1,3213
proper,1,3214
stuffe:,1,3215
painting,1,3216
ayre-drawne-dagger,1,3217
duncan.,1,3218
flawes,1,3219
starts,1,3220
(impostors,1,3221
feare),1,3222
"story,",1,3223
winters,1,3224
authoriz'd,1,3225
grandam:,1,3226
stoole,1,3227
"behold,",1,3228
"loe,",1,3229
"nod,",1,3230
charnell,1,3231
"houses,",1,3232
"bury,",1,3233
backe;,1,3234
monuments,1,3235
mawes,1,3236
kytes,1,3237
quite,1,3238
vnmann'd,1,3239
folly,1,3240
fie,1,3241
shed,1,3242
olden,1,3243
statute,1,3244
purg'd,1,3245
weale:,1,3246
perform'd,1,3247
eare.,1,3248
"bene,",1,3249
"dye,",1,3250
end:,1,3251
"crownes,",1,3252
stooles.,1,3253
forget:,1,3254
muse,1,3255
"infirmity,",1,3256
full:,1,3257
ioy,1,3258
"table,",1,3259
misse:,1,3260
"thirst,",1,3261
pledge,1,3262
"auant,",1,3263
quit,1,3264
"marrowlesse,",1,3265
cold:,1,3266
speculation,1,3267
glare,1,3268
peeres,1,3269
custome:,1,3270
spoyles,1,3271
pleasure,1,3272
"dare,",1,3273
dare:,1,3274
russian,1,3275
arm'd,1,3276
"rhinoceros,",1,3277
hircan,1,3278
"tiger,",1,3279
shape,1,3280
nerues,1,3281
tremble.,1,3282
desart,1,3283
trembling,1,3284
inhabit,1,3285
baby,1,3286
girle.,1,3287
vnreall,1,3288
mock'ry,1,3289
displac'd,1,3290
"meeting,",1,3291
admir'd,1,3292
disorder,1,3293
ouercome,1,3294
summers,1,3295
"clowd,",1,3296
speciall,1,3297
wonder?,1,3298
disposition,1,3299
rubie,1,3300
"cheekes,",1,3301
blanch'd,1,3302
enrages,1,3303
goodnight.,1,3304
goodnight,1,3305
say:,1,3306
blood:,1,3307
"moue,",1,3308
"augures,",1,3309
vnderstood,1,3310
"relations,",1,3311
maggot,1,3312
"pyes,",1,3313
"choughes,",1,3314
rookes,1,3315
secret'st,1,3316
blood.,1,3317
night?,1,3318
oddes,1,3319
"morning,",1,3320
say'st,1,3321
denies,1,3322
bidding,1,3323
sir?,1,3324
way:,1,3325
send:,1,3326
house,1,3327
feed.,1,3328
(and,1,3329
will),1,3330
sisters.,1,3331
bent,1,3332
"meanes,",1,3333
"worst,",1,3334
stept,1,3335
wade,1,3336
returning,1,3337
tedious,1,3338
ore:,1,3339
"acted,",1,3340
scand,1,3341
season,1,3342
"natures,",1,3343
self-abuse,1,3344
initiate,1,3345
vse:,1,3346
indeed.,1,3347
"witches,",1,3348
hecat.,1,3349
angerly?,1,3350
(beldams),1,3351
are?,1,3352
"sawcy,",1,3353
"ouer-bold,",1,3354
"trade,",1,3355
trafficke,1,3356
"riddles,",1,3357
affaires,1,3358
death;,1,3359
mistris,1,3360
contriuer,1,3361
"harmes,",1,3362
glory,1,3363
art?,1,3364
"worse,",1,3365
wayward,1,3366
"spightfull,",1,3367
"wrathfull,",1,3368
do),1,3369
"ends,",1,3370
amends,1,3371
now:,1,3372
"gon,",1,3373
pit,1,3374
acheron,1,3375
meete,1,3376
morning:,1,3377
destinie.,1,3378
"vessels,",1,3379
spels,1,3380
"prouide,",1,3381
beside;,1,3382
"dismall,",1,3383
end.,1,3384
noone.,1,3385
corner,1,3386
hangs,1,3387
vap'rous,1,3388
"profound,",1,3389
ground;,1,3390
distill'd,1,3391
magicke,1,3392
"slights,",1,3393
raise,1,3394
artificiall,1,3395
"illusion,",1,3396
confusion.,1,3397
spurne,1,3398
"fate,",1,3399
'boue,1,3400
security,1,3401
mortals,1,3402
cheefest,1,3403
enemie.,1,3404
"musicke,",1,3405
call'd:,1,3406
foggy,1,3407
"cloud,",1,3408
stayes,1,3409
"hast,",1,3410
shee'l,1,3411
backe,1,3412
"speeches,",1,3413
hit,1,3414
interpret,1,3415
farther:,1,3416
pittied,1,3417
marry,1,3418
walk'd,1,3419
(if't,1,3420
you),1,3421
"kill'd,",1,3422
fled:,1,3423
late.,1,3424
want,1,3425
monstrous,1,3426
"fact,",1,3427
macbeth?,1,3428
straight,1,3429
"rage,",1,3430
delinquents,1,3431
"teare,",1,3432
slaues,1,3433
thralles,1,3434
sleepe?,1,3435
nobly,1,3436
wisely,1,3437
'twould,1,3438
anger'd,1,3439
deny't.,1,3440
"key,",1,3441
"(as,",1,3442
and't,1,3443
not),1,3444
father:,1,3445
fleans.,1,3446
peace;,1,3447
broad,1,3448
fayl'd,1,3449
disgrace.,1,3450
bestowes,1,3451
himselfe?,1,3452
(from,1,3453
holds,1,3454
birth),1,3455
"court,",1,3456
receyu'd,1,3457
"edward,",1,3458
maleuolence,1,3459
respect.,1,3460
ayd,1,3461
"northumberland,",1,3462
(with,1,3463
aboue),1,3464
ratifie,1,3465
worke),1,3466
tables,1,3467
"meate,",1,3468
nights:,1,3469
"feasts,",1,3470
banquets,1,3471
kniues;,1,3472
faithfull,1,3473
"homage,",1,3474
"honors,",1,3475
pine,1,3476
exasperate,1,3477
prepares,1,3478
attempt,1,3479
macduffe?,1,3480
did:,1,3481
clowdy,1,3482
turnes,1,3483
hums;,1,3484
rue,1,3485
clogges,1,3486
distance,1,3487
prouide.,1,3488
vnfold,1,3489
swift,1,3490
suffering,1,3491
accurs'd,1,3492
prayers,1,3493
quartus.,1,3494
brinded,1,3495
mew'd,1,3496
"thrice,",1,3497
hedge-pigge,1,3498
whin'd,1,3499
harpier,1,3500
"cries,",1,3501
caldron,1,3502
go:,1,3503
poysond,1,3504
entrailes,1,3505
"toad,",1,3506
"stone,",1,3507
thirty,1,3508
sweltred,1,3509
sleeping,1,3510
"got,",1,3511
pot,1,3512
toile,1,3513
trouble;,1,3514
fillet,1,3515
fenny,1,3516
bake:,1,3517
"newt,",1,3518
toe,1,3519
"frogge,",1,3520
wooll,1,3521
"bat,",1,3522
dogge:,1,3523
adders,1,3524
"forke,",1,3525
blinde-wormes,1,3526
"sting,",1,3527
lizards,1,3528
"legge,",1,3529
howlets,1,3530
wing:,1,3531
powrefull,1,3532
"hell-broth,",1,3533
scale,1,3534
"dragon,",1,3535
tooth,1,3536
"mummey,",1,3537
"maw,",1,3538
gulfe,1,3539
rauin'd,1,3540
salt,1,3541
sharke:,1,3542
"hemlocke,",1,3543
digg'd,1,3544
darke:,1,3545
liuer,1,3546
blaspheming,1,3547
"iew,",1,3548
gall,1,3549
"goate,",1,3550
slippes,1,3551
"yew,",1,3552
sliuer'd,1,3553
moones,1,3554
ecclipse:,1,3555
nose,1,3556
"turke,",1,3557
tartars,1,3558
birth-strangled,1,3559
"babe,",1,3560
ditch-deliuer'd,1,3561
"drab,",1,3562
grewell,1,3563
"thicke,",1,3564
slab.,1,3565
thereto,1,3566
tigers,1,3567
"chawdron,",1,3568
cawdron,1,3569
coole,1,3570
baboones,1,3571
share,1,3572
gaines:,1,3573
elues,1,3574
fairies,1,3575
"ring,",1,3576
inchanting,1,3577
in.,1,3578
musicke,1,3579
pricking,1,3580
"thumbes,",1,3581
"lockes,",1,3582
knockes.,1,3583
"secret,",1,3584
"black,",1,3585
midnight,1,3586
hags?,1,3587
do?,1,3588
coniure,1,3589
"professe,",1,3590
(how,1,3591
it),1,3592
vntye,1,3593
"windes,",1,3594
churches:,1,3595
yesty,1,3596
waues,1,3597
swallow,1,3598
nauigation,1,3599
bladed,1,3600
corne,1,3601
"lodg'd,",1,3602
blown,1,3603
topple,1,3604
warders,1,3605
heads:,1,3606
"pallaces,",1,3607
pyramids,1,3608
slope,1,3609
heads,1,3610
foundations:,1,3611
treasure,1,3612
"germaine,",1,3613
tumble,1,3614
"altogether,",1,3615
sicken:,1,3616
aske,1,3617
demand,1,3618
th'hadst,1,3619
"mouthes,",1,3620
masters,1,3621
'em:,1,3622
sowes,1,3623
farrow:,1,3624
greaze,1,3625
sweaten,1,3626
murderers,1,3627
"gibbet,",1,3628
flame,1,3629
low:,1,3630
deaftly,1,3631
show.,1,3632
armed,1,3633
thought:,1,3634
"speech,",1,3635
nought,1,3636
fife:,1,3637
dismisse,1,3638
harp'd,1,3639
aright.,1,3640
commanded:,1,3641
potent,1,3642
first.,1,3643
"apparition,",1,3644
childe.,1,3645
"eares,",1,3646
il'd,1,3647
"bold,",1,3648
resolute:,1,3649
macduffe:,1,3650
thee?,1,3651
assurance:,1,3652
bond,1,3653
fate:,1,3654
pale-hearted,1,3655
lies;,1,3656
"crowned,",1,3657
rises,1,3658
weares,1,3659
"baby-brow,",1,3660
soueraignty?,1,3661
"listen,",1,3662
lyon,1,3663
"metled,",1,3664
"proud,",1,3665
care:,1,3666
"chafes,",1,3667
"frets,",1,3668
conspirers,1,3669
vanquish'd,1,3670
vntill,1,3671
byrnam,1,3672
"wood,",1,3673
dunsmane,1,3674
descend.,1,3675
bee:,1,3676
impresse,1,3677
"forrest,",1,3678
earth-bound,1,3679
root?,1,3680
"boadments,",1,3681
good:,1,3682
lease,1,3683
custome.,1,3684
throbs,1,3685
much:,1,3686
kingdome?,1,3687
satisfied.,1,3688
deny,1,3689
curse,1,3690
caldron?,1,3691
hoboyes,1,3692
"shadowes,",1,3693
depart.,1,3694
eight,1,3695
glasse,1,3696
down:,1,3697
seare,1,3698
eye-bals.,1,3699
"gold-bound-brow,",1,3700
first:,1,3701
"third,",1,3702
former.,1,3703
filthy,1,3704
"hagges,",1,3705
-,1,3706
fourth?,1,3707
eyes!,1,3708
stretch,1,3709
to'th',1,3710
cracke,1,3711
doome?,1,3712
yet?,1,3713
seauenth?,1,3714
eighth,1,3715
"appeares,",1,3716
"glasse,",1,3717
shewes,1,3718
two-fold,1,3719
"balles,",1,3720
trebble,1,3721
scepters,1,3722
carry.,1,3723
sight:,1,3724
blood-bolter'd,1,3725
smiles,1,3726
points,1,3727
his.,1,3728
amazedly?,1,3729
delights.,1,3730
"sound,",1,3731
antique,1,3732
round:,1,3733
kindly,1,3734
pay.,1,3735
musicke.,1,3736
"dance,",1,3737
they?,1,3738
gone?,1,3739
pernitious,1,3740
aye,1,3741
kalender.,1,3742
there.,1,3743
sisters?,1,3744
whereon,1,3745
"ride,",1,3746
gallopping,1,3747
horse.,1,3748
by?,1,3749
england?,1,3750
anticipat'st,1,3751
dread,1,3752
exploits:,1,3753
flighty,1,3754
o're-tooke,1,3755
vnlesse,1,3756
"moment,",1,3757
crown,1,3758
acts:,1,3759
thoght,1,3760
surprize.,1,3761
fife;,1,3762
vnfortunate,1,3763
trace,1,3764
line.,1,3765
boasting,1,3766
"coole,",1,3767
sights.,1,3768
gentlemen?,1,3769
are.,1,3770
macduffes,1,3771
"son,",1,3772
land?,1,3773
madam,1,3774
madnesse:,1,3775
actions,1,3776
wisedom?,1,3777
"mansion,",1,3778
"titles,",1,3779
touch.,1,3780
wren,1,3781
(the,1,3782
diminitiue,1,3783
birds),1,3784
"nest,",1,3785
owle:,1,3786
runnes,1,3787
deerest,1,3788
"cooz,",1,3789
"husband,",1,3790
"noble,",1,3791
"iudicious,",1,3792
fits,1,3793
season.,1,3794
"times,",1,3795
rumor,1,3796
floate,1,3797
moue.,1,3798
"cease,",1,3799
climbe,1,3800
"vpward,",1,3801
"cosine,",1,3802
father'd,1,3803
father-lesse,1,3804
longer,1,3805
"disgrace,",1,3806
discomfort.,1,3807
once.,1,3808
"sirra,",1,3809
fathers,1,3810
liue?,1,3811
mother,1,3812
"wormes,",1,3813
flyes?,1,3814
"meane,",1,3815
"bird,",1,3816
thou'dst,1,3817
"net,",1,3818
"lime,",1,3819
"pitfall,",1,3820
gin,1,3821
saying,1,3822
nay,1,3823
buy,1,3824
market,1,3825
sell,1,3826
withall,1,3827
"wit,",1,3828
i'faith,1,3829
wit,1,3830
traitor?,1,3831
"sweares,",1,3832
"traitors,",1,3833
"hang'd,",1,3834
swear,1,3835
lye?,1,3836
"why,",1,3837
liars,1,3838
fools:,1,3839
lyars,1,3840
"enow,",1,3841
monkie:,1,3842
youl'd,1,3843
"signe,",1,3844
quickely,1,3845
"pratler,",1,3846
talk'st?,1,3847
dame:,1,3848
"known,",1,3849
neerely.,1,3850
homely,1,3851
"aduice,",1,3852
fright,1,3853
thus.,1,3854
thinkes,1,3855
sauage:,1,3856
"cruelty,",1,3857
nie,1,3858
person.,1,3859
preserue,1,3860
longer.,1,3861
harme.,1,3862
earthly,1,3863
world:,1,3864
"laudable,",1,3865
accounted,1,3866
dangerous,1,3867
folly.,1,3868
(alas),1,3869
womanly,1,3870
harme?,1,3871
"vnsanctified,",1,3872
traitor,1,3873
ly'st,1,3874
shagge-ear'd,1,3875
egge?,1,3876
fry,1,3877
treachery?,1,3878
run,1,3879
crying,1,3880
murther.,1,3881
desolate,1,3882
"shade,",1,3883
sad,1,3884
bosomes,1,3885
empty,1,3886
bestride,1,3887
downfall,1,3888
birthdome:,1,3889
"morne,",1,3890
widdowes,1,3891
"howle,",1,3892
orphans,1,3893
sorowes,1,3894
resounds,1,3895
felt,1,3896
yell'd,1,3897
dolour,1,3898
waile;,1,3899
beleeue;,1,3900
"redresse,",1,3901
friend:,1,3902
wil.,1,3903
"spoke,",1,3904
perchance.,1,3905
sole,1,3906
blisters,1,3907
honest:,1,3908
lou'd,1,3909
touch'd,1,3910
yet.,1,3911
"yong,",1,3912
discerne,1,3913
"weake,",1,3914
lambe,1,3915
appease,1,3916
angry,1,3917
treacherous,1,3918
is.,1,3919
vertuous,1,3920
recoyle,1,3921
charge.,1,3922
craue,1,3923
pardon:,1,3924
transpose;,1,3925
angels,1,3926
brightest,1,3927
brows,1,3928
perchance,1,3929
doubts.,1,3930
rawnesse,1,3931
childe?,1,3932
"motiues,",1,3933
knots,1,3934
leaue-taking.,1,3935
"iealousies,",1,3936
"dishonors,",1,3937
safeties:,1,3938
rightly,1,3939
"iust,",1,3940
bleed,1,3941
"tyrrany,",1,3942
basis,1,3943
check,1,3944
"wrongs,",1,3945
"title,",1,3946
affear'd.,1,3947
far,1,3948
"think'st,",1,3949
space,1,3950
"graspe,",1,3951
rich,1,3952
east,1,3953
boot,1,3954
offended:,1,3955
beneath,1,3956
"yoake,",1,3957
"weepes,",1,3958
"bleeds,",1,3959
gash,1,3960
added,1,3961
wounds.,1,3962
vplifted,1,3963
right:,1,3964
goodly,1,3965
thousands.,1,3966
treade,1,3967
sword;,1,3968
vices,1,3969
wayes,1,3970
succeede,1,3971
be?,1,3972
meane:,1,3973
particulars,1,3974
vice,1,3975
"grafted,",1,3976
"open'd,",1,3977
pure,1,3978
"snow,",1,3979
esteeme,1,3980
"lambe,",1,3981
compar'd,1,3982
confinelesse,1,3983
harmes,1,3984
legions,1,3985
"euils,",1,3986
grant,1,3987
"luxurious,",1,3988
"auaricious,",1,3989
"deceitfull,",1,3990
"sodaine,",1,3991
"malicious,",1,3992
smacking,1,3993
name.,1,3994
"bottome,",1,3995
voluptuousnesse:,1,3996
"wiues,",1,3997
"daughters,",1,3998
"matrons,",1,3999
"maides,",1,4000
cesterne,1,4001
"lust,",1,4002
continent,1,4003
impediments,1,4004
ore-beare,1,4005
oppose,1,4006
boundlesse,1,4007
intemperance,1,4008
tyranny:,1,4009
emptying,1,4010
yours:,1,4011
conuey,1,4012
pleasures,1,4013
spacious,1,4014
"plenty,",1,4015
hoodwinke:,1,4016
willing,1,4017
dames,1,4018
vulture,1,4019
deuoure,1,4020
dedicate,1,4021
finding,1,4022
inclinde,1,4023
ill-composd,1,4024
"affection,",1,4025
stanchlesse,1,4026
"auarice,",1,4027
nobles,1,4028
"lands,",1,4029
"iewels,",1,4030
"house,",1,4031
"more-hauing,",1,4032
hunger,1,4033
forge,1,4034
quarrels,1,4035
vniust,1,4036
destroying,1,4037
wealth,1,4038
auarice,1,4039
stickes,1,4040
deeper:,1,4041
pernicious,1,4042
summer-seeming,1,4043
lust:,1,4044
kings:,1,4045
"foysons,",1,4046
"portable,",1,4047
king-becoming,1,4048
"graces,",1,4049
"iustice,",1,4050
"verity,",1,4051
"temp'rance,",1,4052
"stablenesse,",1,4053
"bounty,",1,4054
"perseuerance,",1,4055
"mercy,",1,4056
"lowlinesse,",1,4057
"deuotion,",1,4058
"patience,",1,4059
"fortitude,",1,4060
rellish,1,4061
abound,1,4062
diuision,1,4063
"crime,",1,4064
acting,1,4065
wayes.,1,4066
"nay,",1,4067
"powre,",1,4068
"concord,",1,4069
vprore,1,4070
vniuersall,1,4071
vnity,1,4072
"gouerne,",1,4073
gouern?,1,4074
liue.,1,4075
natio[n],1,4076
miserable!,1,4077
vntitled,1,4078
"sceptred,",1,4079
wholsome,1,4080
truest,1,4081
throne,1,4082
interdiction,1,4083
"accust,",1,4084
blaspheme,1,4085
breed?,1,4086
sainted-king:,1,4087
bore,1,4088
oftner,1,4089
"knees,",1,4090
liu'd.,1,4091
euils,1,4092
repeat'st,1,4093
banish'd,1,4094
"brest,",1,4095
ends,1,4096
passion,1,4097
"integrity,",1,4098
wip'd,1,4099
"scruples,",1,4100
reconcil'd,1,4101
"truth,",1,4102
honor.,1,4103
diuellish,1,4104
"traines,",1,4105
sought,1,4106
win,1,4107
power:,1,4108
modest,1,4109
pluckes,1,4110
ouer-credulous,1,4111
hast:,1,4112
deale,1,4113
me;,1,4114
"direction,",1,4115
vnspeake,1,4116
detraction.,1,4117
abiure,1,4118
"taints,",1,4119
blames,1,4120
laide,1,4121
nature.,1,4122
"woman,",1,4123
"forsworne,",1,4124
scarsely,1,4125
coueted,1,4126
"faith,",1,4127
betray,1,4128
"fellow,",1,4129
speaking,1,4130
command:,1,4131
"indeed,",1,4132
foorth:,1,4133
warranted,1,4134
quarrell.,1,4135
silent?,1,4136
"welcome,",1,4137
vnwelcom,1,4138
reconcile.,1,4139
anon.,1,4140
crew,1,4141
cure:,1,4142
malady,1,4143
conuinces,1,4144
assay,1,4145
"touch,",1,4146
sanctity,1,4147
presently,1,4148
amend.,1,4149
meanes?,1,4150
tis,1,4151
euill.,1,4152
myraculous,1,4153
worke,1,4154
remaine,1,4155
do:,1,4156
solicites,1,4157
knowes:,1,4158
visited,1,4159
swolne,1,4160
"vlcerous,",1,4161
"surgery,",1,4162
"cures,",1,4163
hanging,1,4164
stampe,1,4165
"neckes,",1,4166
succeeding,1,4167
royalty,1,4168
healing,1,4169
benediction.,1,4170
"vertue,",1,4171
heauenly,1,4172
guift,1,4173
"prophesie,",1,4174
blessings,1,4175
grace.,1,4176
countryman:,1,4177
"cozen,",1,4178
did?,1,4179
"countrey,",1,4180
graue;,1,4181
smile:,1,4182
"sighes,",1,4183
"groanes,",1,4184
shrieks,1,4185
rent,1,4186
"made,",1,4187
mark'd:,1,4188
moderne,1,4189
extasie:,1,4190
deadmans,1,4191
scarse,1,4192
expire,1,4193
flowers,1,4194
"caps,",1,4195
"dying,",1,4196
sicken,1,4197
relation;,1,4198
"nice,",1,4199
griefe?,1,4200
"age,",1,4201
hisse,1,4202
"speaker,",1,4203
teemes,1,4204
wife?,1,4205
children?,1,4206
batter'd,1,4207
peace?,1,4208
"no,",1,4209
niggard,1,4210
speech:,1,4211
gos't?,1,4212
transport,1,4213
tydings,1,4214
heauily,1,4215
ran,1,4216
rumour,1,4217
"fellowes,",1,4218
beleefe,1,4219
witnest,1,4220
"rather,",1,4221
a-foot.,1,4222
helpe:,1,4223
create,1,4224
"soldiours,",1,4225
doffe,1,4226
dire,1,4227
distresses,1,4228
bee't,1,4229
thither:,1,4230
lent,1,4231
"older,",1,4232
christendome,1,4233
like.,1,4234
howl'd,1,4235
desert,1,4236
latch,1,4237
concerne,1,4238
"they,",1,4239
"cause,",1,4240
fee-griefe,1,4241
brest?,1,4242
shares,1,4243
pertaines,1,4244
eares,1,4245
dispise,1,4246
possesse,1,4247
heauiest,1,4248
humh:,1,4249
guesse,1,4250
surpriz'd:,1,4251
babes,1,4252
sauagely,1,4253
slaughter'd:,1,4254
relate,1,4255
manner,1,4256
hat,1,4257
browes:,1,4258
words;,1,4259
whispers,1,4260
o're-fraught,1,4261
bids,1,4262
ro.,1,4263
"seruants,",1,4264
thence?,1,4265
kil'd,1,4266
comforted.,1,4267
med'cines,1,4268
"reuenge,",1,4269
deadly,1,4270
greefe,1,4271
children.,1,4272
ones?,1,4273
hell-kite!,1,4274
"chickens,",1,4275
damme,1,4276
swoope?,1,4277
dispute,1,4278
also,1,4279
man;,1,4280
part?,1,4281
sinfull,1,4282
strooke,1,4283
naught,1,4284
"am,",1,4285
"demerits,",1,4286
slaughter,1,4287
soules:,1,4288
whetstone,1,4289
conuert,1,4290
anger:,1,4291
blunt,1,4292
enrage,1,4293
braggart,1,4294
tongue.,1,4295
short,1,4296
intermission:,1,4297
"front,",1,4298
fiend,1,4299
length,1,4300
scape,1,4301
manly:,1,4302
leaue.,1,4303
ripe,1,4304
"shaking,",1,4305
powres,1,4306
"long,",1,4307
quintus.,1,4308
"physicke,",1,4309
wayting,1,4310
gentlewoman.,1,4311
watch'd,1,4312
perceiue,1,4313
report.,1,4314
walk'd?,1,4315
"field,",1,4316
night-gown,1,4317
vppon,1,4318
vnlocke,1,4319
"closset,",1,4320
foorth,1,4321
"paper,",1,4322
folde,1,4323
write,1,4324
"vpon't,",1,4325
read,1,4326
afterwards,1,4327
seale,1,4328
bed;,1,4329
perturbation,1,4330
receyue,1,4331
benefit,1,4332
effects,1,4333
watching.,1,4334
slumbry,1,4335
"agitation,",1,4336
"walking,",1,4337
actuall,1,4338
"performances,",1,4339
(at,1,4340
time),1,4341
say?,1,4342
neither,1,4343
confirme,1,4344
speech.,1,4345
taper.,1,4346
lo,1,4347
"guise,",1,4348
asleepe:,1,4349
obserue,1,4350
"continually,",1,4351
sense,1,4352
rubbes,1,4353
accustom'd,1,4354
action,1,4355
washing,1,4356
continue,1,4357
quarter,1,4358
spot,1,4359
"heark,",1,4360
"speaks,",1,4361
satisfie,1,4362
spot:,1,4363
say.,1,4364
two:,1,4365
doo't:,1,4366
murky.,1,4367
"fye,",1,4368
"fie,",1,4369
affear'd?,1,4370
feare?,1,4371
accompt:,1,4372
olde,1,4373
"fife,",1,4374
cleane?,1,4375
o'that,1,4376
o'that:,1,4377
marre,1,4378
starting,1,4379
smell,1,4380
perfumes,1,4381
arabia,1,4382
sweeten,1,4383
sigh,1,4384
sorely,1,4385
dignity,1,4386
body,1,4387
practise:,1,4388
walkt,1,4389
dyed,1,4390
holily,1,4391
beds,1,4392
pale:,1,4393
buried;,1,4394
on's,1,4395
graue,1,4396
bed:,1,4397
gate:,1,4398
bed?,1,4399
directly,1,4400
whisp'rings,1,4401
abroad:,1,4402
breed,1,4403
troubles:,1,4404
deafe,1,4405
pillowes,1,4406
discharge,1,4407
secrets:,1,4408
needs,1,4409
"diuine,",1,4410
physitian:,1,4411
"god,",1,4412
"annoyance,",1,4413
"goodnight,",1,4414
"mated,",1,4415
amaz'd,1,4416
sight.,1,4417
"neere,",1,4418
vnkle,1,4419
reuenges,1,4420
burne,1,4421
"bleeding,",1,4422
grim,1,4423
alarme,1,4424
excite,1,4425
mortified,1,4426
brother?,1,4427
gentry;,1,4428
vnruffe,1,4429
"youths,",1,4430
manhood,1,4431
fortifies:,1,4432
mad:,1,4433
"others,",1,4434
"fury,",1,4435
buckle,1,4436
distemper'd,1,4437
belt,1,4438
rule,1,4439
secret,1,4440
minutely,1,4441
reuolts,1,4442
vpbraid,1,4443
faith-breach:,1,4444
"commands,",1,4445
"command,",1,4446
loue:,1,4447
giants,1,4448
robe,1,4449
dwarfish,1,4450
theefe,1,4451
pester'd,1,4452
senses,1,4453
"recoyle,",1,4454
condemne,1,4455
ow'd:,1,4456
med'cine,1,4457
"weale,",1,4458
"purge,",1,4459
drop,1,4460
"needes,",1,4461
dew,1,4462
weeds:,1,4463
birnan.,1,4464
"reports,",1,4465
all:,1,4466
taint,1,4467
boy,1,4468
malcolme?,1,4469
"consequences,",1,4470
pronounc'd,1,4471
thus:,1,4472
"epicures,",1,4473
sway,1,4474
"by,",1,4475
sagge,1,4476
"doubt,",1,4477
damne,1,4478
"blacke,",1,4479
cream-fac'd,1,4480
loone:,1,4481
got'st,1,4482
goose-looke,1,4483
geese,1,4484
villaine?,1,4485
ouer-red,1,4486
lilly-liuer'd,1,4487
boy.,1,4488
"soldiers,",1,4489
patch?,1,4490
linnen,1,4491
cheekes,1,4492
counsailers,1,4493
whay-face?,1,4494
"force,",1,4495
sick,1,4496
behold:,1,4497
dis-eate,1,4498
falne,1,4499
"seare,",1,4500
yellow,1,4501
accompany,1,4502
"old-age,",1,4503
troopes,1,4504
haue:,1,4505
"steed,",1,4506
"curses,",1,4507
lowd,1,4508
"mouth-honor,",1,4509
faine,1,4510
"deny,",1,4511
seyton?,1,4512
seyton.,1,4513
more?,1,4514
reported,1,4515
"bones,",1,4516
flesh,1,4517
hackt.,1,4518
armor,1,4519
seyt.,1,4520
needed,1,4521
moe,1,4522
skirre,1,4523
talke,1,4524
armor:,1,4525
"patient,",1,4526
doctor?,1,4527
sicke,1,4528
thicke-comming,1,4529
can'st,1,4530
"diseas'd,",1,4531
plucke,1,4532
memory,1,4533
rooted,1,4534
raze,1,4535
written,1,4536
troubles,1,4537
obliuious,1,4538
antidote,1,4539
cleanse,1,4540
stufft,1,4541
perillous,1,4542
stuffe,1,4543
weighes,1,4544
heart?,1,4545
therein,1,4546
patient,1,4547
physicke,1,4548
"dogs,",1,4549
armour,1,4550
staffe:,1,4551
dispatch.,1,4552
could'st,1,4553
"disease,",1,4554
purge,1,4555
pristine,1,4556
"health,",1,4557
"eccho,",1,4558
pull't,1,4559
"rubarb,",1,4560
"cyme,",1,4561
purgatiue,1,4562
drugge,1,4563
scowre,1,4564
hence:,1,4565
hear'st,1,4566
"bane,",1,4567
forrest,1,4568
"cleere,",1,4569
profit,1,4570
hardly,1,4571
heere.,1,4572
"cosins,",1,4573
chambers,1,4574
seyw.,1,4575
hew,1,4576
"bough,",1,4577
bear't,1,4578
thereby,1,4579
shadow,1,4580
numbers,1,4581
"hoast,",1,4582
discouery,1,4583
erre,1,4584
sold.,1,4585
syw.,1,4586
learne,1,4587
confident,1,4588
indure,1,4589
befor't,1,4590
hope:,1,4591
aduantage,1,4592
"reuolt,",1,4593
serue,1,4594
constrained,1,4595
"things,",1,4596
absent,1,4597
censures,1,4598
"euent,",1,4599
industrious,1,4600
souldiership,1,4601
"approaches,",1,4602
decision,1,4603
owe:,1,4604
"speculatiue,",1,4605
vnsure,1,4606
"relate,",1,4607
"arbitrate,",1,4608
"which,",1,4609
aduance,1,4610
warre.,1,4611
marching,1,4612
"souldiers,",1,4613
outward,1,4614
"walls,",1,4615
come:,1,4616
siedge,1,4617
scorne:,1,4618
ague,1,4619
forc'd,1,4620
"ours,",1,4621
"darefull,",1,4622
beard,1,4623
"beard,",1,4624
backward,1,4625
home.,1,4626
women.,1,4627
forgot,1,4628
taste,1,4629
feares:,1,4630
cool'd,1,4631
"night-shrieke,",1,4632
treatise,1,4633
"rowze,",1,4634
in't.,1,4635
supt,1,4636
"horrors,",1,4637
direnesse,1,4638
familiar,1,4639
slaughterous,1,4640
cry?,1,4641
lord),1,4642
heereafter;,1,4643
creepes,1,4644
petty,1,4645
pace,1,4646
recorded,1,4647
"yesterdayes,",1,4648
lighted,1,4649
dusty,1,4650
breefe,1,4651
"candle,",1,4652
walking,1,4653
"player,",1,4654
struts,1,4655
frets,1,4656
"stage,",1,4657
told,1,4658
"ideot,",1,4659
fury,1,4660
signifying,1,4661
nothing.,1,4662
com'st,1,4663
story,1,4664
"saw,",1,4665
doo't,1,4666
"byrnane,",1,4667
"lyar,",1,4668
slaue,1,4669
endure,1,4670
"wrath,",1,4671
mile,1,4672
comming.,1,4673
mouing,1,4674
groue,1,4675
next,1,4676
speech,1,4677
much.,1,4678
"resolution,",1,4679
equiuocation,1,4680
"fiend,",1,4681
lies,1,4682
truth.,1,4683
dunsinane.,1,4684
"auouches,",1,4685
"appeare,",1,4686
flying,1,4687
tarrying,1,4688
here.,1,4689
'ginne,1,4690
a-weary,1,4691
"sun,",1,4692
vndon.,1,4693
"bell,",1,4694
"winde,",1,4695
harnesse,1,4696
backe.,1,4697
"army,",1,4698
boughes.,1,4699
leauy,1,4700
skreenes,1,4701
(worthy,1,4702
vnkle),1,4703
cosin,1,4704
leade,1,4705
battell.,1,4706
well:,1,4707
"beaten,",1,4708
trumpets,1,4709
"speak,",1,4710
clamorous,1,4711
harbingers,1,4712
alarums,1,4713
continued.,1,4714
tied,1,4715
"stake,",1,4716
beare-like,1,4717
course.,1,4718
thou'lt,1,4719
call'st,1,4720
hoter,1,4721
name's,1,4722
hatefull,1,4723
eare,1,4724
fearefull,1,4725
lyest,1,4726
abhorred,1,4727
proue,1,4728
speak'st.,1,4729
woman;,1,4730
smile,1,4731
weapons,1,4732
"scorne,",1,4733
brandish'd,1,4734
is:,1,4735
beest,1,4736
"slaine,",1,4737
stroake,1,4738
childrens,1,4739
ghosts,1,4740
haunt,1,4741
"kernes,",1,4742
armes,1,4743
hyr'd,1,4744
staues;,1,4745
either,1,4746
vnbattered,1,4747
sheath,1,4748
vndeeded.,1,4749
should'st,1,4750
"clatter,",1,4751
bruited.,1,4752
begge,1,4753
exit.,1,4754
gently,1,4755
rendred:,1,4756
brauely,1,4757
"warre,",1,4758
professes,1,4759
"yours,",1,4760
foes,1,4761
beside,1,4762
castle.,1,4763
roman,1,4764
sword?,1,4765
"liues,",1,4766
"hell-hound,",1,4767
auoyded,1,4768
voice,1,4769
bloodier,1,4770
tearmes,1,4771
out.,1,4772
fight:,1,4773
loosest,1,4774
intrenchant,1,4775
"impresse,",1,4776
bleed:,1,4777
blade,1,4778
vulnerable,1,4779
"crests,",1,4780
"charme,",1,4781
seru'd,1,4782
mothers,1,4783
womb,1,4784
ript,1,4785
tels,1,4786
so;,1,4787
cow'd,1,4788
iugling,1,4789
fiends,1,4790
"beleeu'd,",1,4791
palter,1,4792
"sence,",1,4793
promise,1,4794
"coward,",1,4795
"shew,",1,4796
gaze,1,4797
rarer,1,4798
monsters,1,4799
"pole,",1,4800
"vnder-writ,",1,4801
ground,1,4802
malcolmes,1,4803
baited,1,4804
rabbles,1,4805
curse.,1,4806
"oppos'd,",1,4807
try,1,4808
last.,1,4809
"body,",1,4810
shield:,1,4811
cries,1,4812
fighting.,1,4813
"fighting,",1,4814
"retreat,",1,4815
"colours,",1,4816
"misse,",1,4817
arriu'd,1,4818
cheapely,1,4819
"missing,",1,4820
son,1,4821
"debt,",1,4822
prowesse,1,4823
vnshrinking,1,4824
"fought,",1,4825
dead?,1,4826
field:,1,4827
measur'd,1,4828
"worth,",1,4829
hurts,1,4830
before?,1,4831
soldier,1,4832
he:,1,4833
"haires,",1,4834
fairer,1,4835
death:,1,4836
knell,1,4837
knoll'd,1,4838
parted,1,4839
"score,",1,4840
newer,1,4841
comfort.,1,4842
vsurpers,1,4843
head:,1,4844
free:,1,4845
compast,1,4846
"pearle,",1,4847
salutation,1,4848
minds:,1,4849
voyces,1,4850
alowd,1,4851
mine.,1,4852
expence,1,4853
reckon,1,4854
"loues,",1,4855
kinsmen,1,4856
henceforth,1,4857
"earles,",1,4858
nam'd:,1,4859
planted,1,4860
newly,1,4861
calling,1,4862
exil'd,1,4863
"abroad,",1,4864
snares,1,4865
watchfull,1,4866
"tyranny,",1,4867
producing,1,4868
ministers,1,4869
"butcher,",1,4870
fiend-like,1,4871
queene;,1,4872
thought),1,4873
call's,1,4874
"measure,",1,4875
place:,1,4876
"inuite,",1,4877
scone.,1,4878
exeunt,1,4879
omnes.,1,4880
finis.,1,4881
